Query_ID,Document_ID
126,en.3.326.79.2009.9.7
126,en.15.147.229.2009.10.6
126,en.2.260.111.2009.4.29
126,en.15.147.222.2009.10.4
126,en.13.25.179.2009.11.8
126,en.15.136.355.2009.7.24
126,en.3.331.90.2009.10.8
126,en.15.151.83.2009.10.31
126,en.15.124.268.2009.5.15
126,en.3.326.402.1970.1.1
126,en.2.279.7.1970.1.1
126,en.2.260.180.2009.4.29
126,en.2.268.455.2009.6.18
126,en.3.322.337.2009.8.7
126,en.13.8.359.2009.7.12
126,en.3.350.205.2010.2.19
126,en.2.260.462.2009.4.29
126,en.15.121.269.2009.4.27
126,en.15.136.10.2009.7.26
126,en.15.151.62.2009.11.4
126,en.15.147.224.2009.10.5
126,en.2.279.472.2009.8.30
126,en.3.329.189.2009.9.26
126,en.2.279.287.2009.8.31
126,en.13.8.149.2009.7.14
126,en.2.277.4.2009.8.16
126,en.15.125.223.2009.5.20
126,en.3.322.20.2009.8.9
126,en.3.326.206.2009.9.5
126,en.3.329.373.2009.9.25
126,en.3.329.446.2009.9.27
126,en.2.264.385.2009.5.28
126,en.13.10.19.2009.7.30
126,en.15.121.129.2009.4.28
126,en.3.331.450.2009.10.10
126,en.3.326.346.2009.9.1
126,en.15.121.142.2009.4.27
126,en.15.125.170.2009.5.21
126,en.3.366.410.2010.5.25
126,en.2.260.436.2009.5.1
126,en.2.317.224.2010.5.28
126,en.2.281.331.2009.9.9
126,en.13.1.53.2009.5.31
126,en.2.279.180.2009.8.31
126,en.3.331.440.2009.10.12
126,en.3.331.83.2009.10.9
126,en.15.121.442.2009.4.28
126,en.15.121.184.2009.4.28
126,en.3.322.360.2009.8.9
126,en.15.136.499.2009.7.24
127,en.15.136.240.2009.7.21
127,en.3.381.155.2007.7.25
127,en.15.103.297.2009.1.4
127,en.3.353.279.2010.3.12
127,en.15.135.383.2009.7.22
127,en.15.204.145.2007.8.24
127,en.15.136.294.2009.7.22
127,en.15.132.109.2009.7.1
127,en.3.395.12.2007.10.2
127,en.3.380.25.2007.7.20
127,en.15.86.474.2008.9.26
127,en.2.266.347.2009.6.9
127,en.15.73.217.2008.6.30
127,en.15.156.46.2009.12.11
127,en.15.78.344.2008.8.1
127,en.3.398.93.2007.10.15
127,en.3.375.190.2007.6.17
127,en.3.348.162.2010.2.6
127,en.15.184.26.2010.6.2
127,en.15.128.236.2009.6.5
127,en.15.124.375.2009.5.15
127,en.15.90.347.2008.10.17
127,en.15.246.399.2008.3.1
127,en.15.81.214.2008.8.28
127,en.15.78.249.2008.8.1
127,en.3.417.281.2008.1.8
127,en.3.347.389.2010.2.2
127,en.15.252.364.2008.3.23
127,en.15.167.44.2010.2.23
127,en.3.361.407.2010.4.27
127,en.3.414.33.2007.12.26
127,en.15.204.433.2007.8.23
127,en.3.348.18.2010.2.7
127,en.15.113.66.2009.3.14
127,en.15.229.243.2007.12.24
127,en.3.356.122.2010.4.1
127,en.15.104.166.2009.1.11
127,en.15.167.10.2010.2.23
127,en.15.186.417.2007.5.28
127,en.15.111.91.2009.3.22
127,en.3.352.170.2010.3.8
127,en.3.352.8.2010.3.6
127,en.15.234.289.2008.1.14
127,en.15.121.59.2009.4.27
127,en.15.82.414.2008.9.2
127,en.15.232.156.2008.1.3
127,en.3.381.438.2007.7.24
127,en.15.212.405.2007.10.6
127,en.3.363.182.2010.5.7
127,en.15.250.335.2008.3.15
128,en.15.206.323.2007.8.31
128,en.15.86.405.2008.9.25
128,en.3.410.28.2007.12.9
128,en.15.225.130.2007.12.6
128,en.13.31.487.2010.1.2
128,en.3.349.178.2010.2.14
128,en.15.140.216.2009.8.22
128,en.15.64.294.2008.4.28
128,en.15.229.13.2007.12.24
128,en.13.41.374.1970.1.1
128,en.15.254.371.2008.3.27
128,en.13.59.265.2010.6.10
128,en.13.30.67.2009.12.25
128,en.13.55.69.2010.5.22
128,en.15.215.487.2007.10.22
128,en.15.90.109.2008.10.16
128,en.15.218.9.2007.11.1
128,en.15.61.162.2008.4.16
128,en.15.202.161.2007.8.15
128,en.15.107.10.2009.1.29
128,en.15.140.182.2009.8.22
128,en.15.117.252.2009.2.22
128,en.2.320.12.2010.6.12
128,en.3.331.230.2009.10.14
128,en.3.391.412.2007.9.16
128,en.3.391.240.2007.9.15
128,en.2.317.267.2010.5.28
128,en.13.41.176.2010.3.4
128,en.15.115.3.2009.2.14
128,en.3.373.155.2007.6.9
128,en.3.322.41.2009.8.7
128,en.15.85.70.2008.9.18
128,en.15.254.465.2008.3.28
128,en.13.1.98.2009.6.1
128,en.15.162.38.2010.1.23
128,en.15.245.165.2008.2.27
128,en.2.268.69.2009.6.17
128,en.15.77.242.2008.7.29
128,en.3.356.25.2010.4.2
128,en.2.291.172.2009.12.2
128,en.13.55.88.2010.5.21
128,en.3.398.32.2007.10.15
128,en.3.332.321.2009.10.22
128,en.3.378.243.2007.7.8
128,en.2.291.112.2009.11.30
128,en.15.248.460.2008.3.8
128,en.3.388.263.2007.8.29
128,en.15.220.112.2007.11.9
128,en.15.147.203.2009.10.5
128,en.15.98.292.2008.12.1
129,en.15.141.445.2009.8.29
129,en.2.298.269.1970.1.1
129,en.15.132.44.2009.6.26
129,en.15.132.121.2009.6.30
129,en.2.271.457.2009.7.8
129,en.15.139.473.2009.8.12
129,en.15.132.155.2009.7.1
129,en.3.333.194.2009.10.29
129,en.15.136.153.2009.7.20
129,en.2.305.365.2010.3.16
129,en.15.137.476.2009.7.31
129,en.3.329.289.2009.9.26
129,en.2.277.79.2009.8.19
129,en.2.289.319.2009.11.13
129,en.2.277.373.2009.8.19
129,en.2.271.199.2009.7.10
129,en.13.8.462.2009.7.11
129,en.15.87.427.2008.10.3
129,en.15.132.367.2009.6.28
129,en.3.353.411.2010.3.10
129,en.3.331.98.2009.10.11
129,en.3.326.100.2009.9.6
129,en.2.282.345.2009.9.19
129,en.3.343.14.2010.1.11
129,en.13.27.373.2009.11.21
129,en.15.140.5.2009.8.22
129,en.13.55.196.2010.5.24
129,en.13.8.276.2009.7.15
129,en.15.151.290.2009.11.7
129,en.15.132.391.2009.6.28
129,en.3.327.389.2009.9.13
129,en.13.10.280.2009.7.29
129,en.3.333.334.2009.10.24
129,en.3.329.51.2009.9.26
129,en.2.277.462.2009.8.18
129,en.13.8.354.2009.7.10
129,en.13.8.74.2009.7.14
129,en.15.132.99.2009.6.30
129,en.15.96.414.2008.11.18
129,en.15.220.5.2007.11.10
129,en.15.132.331.2009.6.27
129,en.15.120.459.2009.4.24
129,en.15.136.376.2009.7.25
129,en.2.283.328.2009.9.29
129,en.13.3.293.2009.6.11
129,en.13.8.257.2009.7.15
129,en.2.283.356.2009.9.29
129,en.3.331.31.2009.10.8
129,en.13.8.64.2009.7.12
129,en.15.132.117.2009.7.1
130,en.3.378.472.2007.7.8
130,en.15.68.134.2008.5.27
130,en.15.236.383.2008.1.22
130,en.15.69.145.2008.6.3
130,en.15.251.174.2008.3.16
130,en.15.203.470.2007.8.21
130,en.15.72.93.2008.6.21
130,en.15.194.76.2007.7.3
130,en.3.407.364.2007.11.25
130,en.15.89.235.2008.10.11
130,en.3.380.495.2007.7.15
130,en.15.79.49.2008.8.9
130,en.3.373.287.2007.6.10
130,en.3.397.109.2007.10.14
130,en.13.31.317.2009.12.30
130,en.15.64.28.2008.4.28
130,en.15.220.347.2007.11.12
130,en.15.238.333.2008.1.30
130,en.15.147.432.2009.10.7
130,en.15.82.274.2008.8.31
130,en.15.74.54.2008.7.5
130,en.13.41.32.2010.3.4
130,en.15.97.112.2008.11.26
130,en.15.63.398.2008.4.24
130,en.3.373.395.2007.6.8
130,en.15.98.380.2008.11.27
130,en.15.231.286.2008.1.1
130,en.15.68.151.2008.5.25
130,en.15.74.227.2008.7.3
130,en.15.85.448.2008.9.17
130,en.15.67.320.2008.5.18
130,en.13.54.419.2010.5.14
130,en.13.31.102.2009.12.31
130,en.15.249.191.2008.3.9
130,en.15.66.286.2008.5.11
130,en.15.69.180.2008.6.3
130,en.15.250.78.2008.3.12
130,en.15.108.62.2009.2.6
130,en.15.74.276.2008.7.5
130,en.15.74.30.2008.7.3
130,en.13.31.126.2009.12.29
130,en.15.105.47.2009.1.12
130,en.15.139.333.2009.8.12
130,en.15.232.334.2008.1.4
130,en.15.74.437.2008.7.2
130,en.15.232.170.2008.1.5
130,en.15.99.368.2008.12.2
130,en.3.389.359.2007.9.3
130,en.15.92.374.2008.10.26
130,en.2.275.5.2009.8.2
131,en.13.59.307.2010.6.11
131,en.15.179.54.2010.5.5
131,en.15.135.225.2009.7.16
131,en.3.372.209.2007.6.8
131,en.15.219.443.2007.11.4
131,en.15.135.417.2009.7.17
131,en.3.401.372.2007.10.28
131,en.15.204.115.2007.8.24
131,en.2.291.92.2009.12.1
131,en.15.132.451.2009.6.26
131,en.15.188.79.2007.6.4
131,en.15.231.240.2008.1.2
131,en.13.51.371.2010.5.2
131,en.15.227.272.2007.12.10
131,en.15.240.234.2008.2.7
131,en.3.363.264.2010.5.8
131,en.15.93.161.2008.11.4
131,en.2.260.322.2009.4.30
131,en.3.376.59.2007.6.27
131,en.15.188.2.2007.6.5
131,en.15.218.130.2007.11.2
131,en.15.113.58.2009.3.7
131,en.15.109.496.2009.2.8
131,en.3.354.136.2010.3.19
131,en.15.81.272.2008.8.23
131,en.13.31.301.2009.12.30
131,en.13.31.98.2009.12.29
131,en.15.229.25.2007.12.25
131,en.3.360.113.2010.4.21
131,en.15.219.493.2007.11.4
131,en.15.186.45.2007.5.29
131,en.15.102.354.2008.12.26
131,en.15.65.223.2008.5.6
131,en.15.250.163.2008.3.16
131,en.15.188.146.2007.6.6
131,en.15.68.36.2008.5.24
131,en.13.31.292.2009.12.31
131,en.15.194.102.2007.7.4
131,en.3.355.452.2010.3.24
131,en.15.242.152.2008.2.16
131,en.15.237.113.2008.1.25
131,en.15.179.35.2010.5.4
131,en.15.95.329.2008.11.14
131,en.15.256.334.2008.4.8
131,en.3.380.4.2007.7.16
131,en.15.95.213.2008.11.16
131,en.15.104.218.2009.1.8
131,en.15.110.465.2009.3.23
131,en.3.360.306.2010.4.25
131,en.15.201.160.2007.8.9
132,en.3.417.295.2008.1.10
132,en.15.94.500.2008.11.4
132,en.15.94.114.2008.11.5
132,en.15.136.69.2009.7.23
132,en.13.25.470.2009.11.8
132,en.15.255.249.2008.4.3
132,en.15.247.124.2008.3.5
132,en.15.94.330.2008.11.5
132,en.15.115.343.2009.2.15
132,en.15.94.444.2008.11.9
132,en.3.343.68.2010.1.13
132,en.15.70.8.2008.6.8
132,en.15.147.317.2009.10.3
132,en.15.94.35.2008.11.5
132,en.2.271.293.2009.7.7
132,en.2.270.171.2009.7.6
132,en.15.90.497.2008.10.18
132,en.15.109.134.2009.2.10
132,en.15.139.380.2009.8.12
132,en.15.72.349.2008.6.23
132,en.15.95.367.2008.11.10
132,en.15.94.454.2008.11.7
132,en.3.354.262.2010.3.18
132,en.15.128.12.2009.6.5
132,en.15.96.375.2008.11.16
132,en.15.109.15.2009.2.10
132,en.15.156.110.2009.12.15
132,en.15.77.230.2008.7.29
132,en.15.252.362.2008.3.19
132,en.15.69.126.2008.5.30
132,en.3.357.103.2010.4.7
132,en.15.94.241.2008.11.6
132,en.15.72.269.2008.6.22
132,en.15.98.247.2008.12.1
132,en.13.10.407.2009.7.28
132,en.15.90.419.2008.10.18
132,en.2.289.462.2009.11.17
132,en.15.93.236.2008.11.4
132,en.3.358.399.2010.4.12
132,en.2.317.70.2010.5.27
132,en.3.331.40.2009.10.12
132,en.15.93.129.2008.10.31
132,en.15.249.44.2008.3.12
132,en.3.360.259.2010.4.24
132,en.15.85.97.2008.9.20
132,en.15.111.142.2009.3.20
132,en.15.89.428.2008.10.14
132,en.13.3.187.2009.6.14
132,en.3.360.98.2010.4.22
132,en.13.41.110.2010.3.4
133,en.15.81.98.2008.8.23
133,en.2.264.403.2009.5.28
133,en.3.373.431.2007.6.9
133,en.15.203.83.2007.8.19
133,en.15.203.148.2007.8.21
133,en.3.327.74.2009.9.11
133,en.15.111.124.2009.3.23
133,en.3.388.75.2007.8.31
133,en.3.327.272.2009.9.12
133,en.3.388.169.2007.8.29
133,en.15.234.6.2008.1.14
133,en.15.106.500.2009.1.22
133,en.3.400.274.2007.10.24
133,en.15.210.340.2007.9.30
133,en.15.210.237.2007.9.27
133,en.15.210.491.2007.9.27
133,en.15.243.14.2008.2.17
133,en.2.289.33.2009.11.15
133,en.3.403.350.2007.11.7
133,en.2.264.223.2009.5.29
133,en.15.251.30.2008.3.18
133,en.3.343.52.2010.1.10
133,en.15.89.246.2008.10.13
133,en.15.99.87.2008.12.4
133,en.15.243.484.2008.2.17
133,en.15.121.338.2009.4.25
133,en.3.406.243.2007.11.20
133,en.2.282.8.2009.9.17
133,en.15.246.121.2008.2.28
133,en.2.281.127.2009.9.15
133,en.2.258.361.2009.4.22
133,en.15.100.303.2008.12.12
133,en.15.81.467.2008.8.28
133,en.15.203.466.2007.8.19
133,en.15.81.329.2008.8.27
133,en.3.397.319.2007.10.10
133,en.15.201.280.2007.8.8
133,en.3.392.435.2007.9.20
133,en.15.242.177.2008.2.13
133,en.15.220.42.2007.11.8
133,en.3.390.253.2007.9.10
133,en.15.101.16.2008.12.19
133,en.15.115.416.2009.2.12
133,en.15.82.359.2008.8.30
133,en.15.112.255.2009.3.10
133,en.15.96.468.2008.11.17
133,en.3.410.31.2007.12.9
133,en.3.360.227.2010.4.26
133,en.15.102.151.2008.12.23
133,en.15.227.251.2007.12.11
134,en.3.348.309.2010.2.8
134,en.3.353.488.2010.3.10
134,en.15.220.22.2007.11.10
134,en.15.102.172.2008.12.26
134,en.15.80.220.2008.8.14
134,en.3.357.401.2010.4.7
134,en.2.263.48.2009.5.23
134,en.2.266.418.2009.6.9
134,en.2.278.406.2009.8.26
134,en.15.254.257.2008.3.28
134,en.2.268.66.2009.6.19
134,en.15.128.116.2009.6.6
134,en.15.172.253.2010.3.28
134,en.15.76.76.2008.7.22
134,en.15.125.368.2009.5.18
134,en.15.227.32.2007.12.13
134,en.15.215.192.2007.10.22
134,en.15.245.235.2008.2.27
134,en.15.249.143.2008.3.10
134,en.15.231.214.2008.1.1
134,en.15.238.364.2008.1.31
134,en.3.329.470.2009.9.22
134,en.3.357.269.2010.4.8
134,en.3.390.221.2007.9.7
134,en.13.59.25.2010.6.9
134,en.15.67.486.2008.5.20
134,en.15.118.74.2009.4.3
134,en.3.405.485.2007.11.16
134,en.15.84.468.2008.9.11
134,en.15.95.18.2008.11.11
134,en.13.31.102.2009.12.31
134,en.15.108.414.2009.2.4
134,en.15.68.56.2008.5.24
134,en.15.75.169.2008.7.13
134,en.15.228.154.2007.12.14
134,en.15.242.151.2008.2.12
134,en.15.244.194.2008.2.21
134,en.15.212.19.2007.10.7
134,en.15.238.387.2008.1.31
134,en.3.414.444.2007.12.26
134,en.3.352.163.2010.3.9
134,en.15.256.371.2008.4.7
134,en.15.98.229.2008.12.1
134,en.15.255.144.2008.4.4
134,en.15.204.2.2007.8.24
134,en.3.359.81.2010.4.21
134,en.15.67.66.2008.5.19
134,en.15.245.32.2008.2.25
134,en.15.66.311.2008.5.14
134,en.2.305.197.2010.3.16
135,en.15.140.39.2009.8.23
135,en.2.289.265.2009.11.17
135,en.3.354.303.2010.3.19
135,en.15.108.158.2009.2.2
135,en.3.349.139.2010.2.14
135,en.15.67.170.2008.5.15
135,en.13.10.440.2009.7.28
135,en.3.372.279.2007.6.7
135,en.13.3.33.2009.6.11
135,en.13.3.70.2009.6.12
135,en.15.74.207.2008.7.3
135,en.2.268.232.2009.6.18
135,en.15.256.239.2008.4.8
135,en.13.3.22.2009.6.13
135,en.15.70.473.2008.6.8
135,en.3.372.210.2007.6.8
135,en.13.59.316.2010.6.9
135,en.2.320.199.2010.6.12
135,en.3.349.282.2010.2.13
135,en.3.388.237.2007.8.29
135,en.13.55.56.2010.5.23
135,en.2.263.252.2009.5.23
135,en.15.84.357.2008.9.16
135,en.2.319.306.2010.6.6
135,en.15.123.73.2009.5.9
135,en.13.3.11.2009.6.10
135,en.13.59.101.2010.6.9
135,en.15.151.186.2009.11.2
135,en.15.123.456.2009.5.9
135,en.15.132.124.2009.6.29
135,en.15.105.309.2009.1.14
135,en.15.247.431.2008.3.3
135,en.15.242.415.2008.2.14
135,en.15.105.442.2009.1.14
135,en.15.116.346.2009.2.18
135,en.15.90.253.2008.10.16
135,en.15.155.40.2009.12.8
135,en.15.61.230.2008.4.16
135,en.15.240.205.2008.2.7
135,en.15.240.430.2008.2.7
135,en.3.361.251.2010.4.29
135,en.15.240.366.2008.2.7
135,en.15.70.186.2008.6.8
135,en.2.291.160.2009.11.30
135,en.3.374.191.2007.6.16
135,en.15.244.86.2008.2.20
135,en.15.118.166.2009.4.7
135,en.3.417.312.2008.1.10
135,en.13.8.206.2009.7.14
135,en.15.240.332.2008.2.6
136,en.3.354.496.2010.3.21
136,en.3.397.176.2007.10.10
136,en.3.373.319.2007.6.9
136,en.15.237.392.2008.1.27
136,en.15.101.419.2008.12.15
136,en.15.210.278.2007.9.28
136,en.3.395.67.2007.10.4
136,en.15.188.366.2007.6.7
136,en.13.30.221.2009.12.22
136,en.3.401.479.2007.10.31
136,en.15.243.241.2008.2.20
136,en.15.248.224.2008.3.9
136,en.15.210.330.2007.9.30
136,en.15.104.52.2009.1.9
136,en.15.91.423.2008.10.21
136,en.15.218.3.2007.11.1
136,en.15.238.472.2008.1.28
136,en.15.109.170.2009.2.8
136,en.13.55.466.2010.5.20
136,en.15.100.361.2008.12.14
136,en.3.376.152.2007.6.24
136,en.15.97.60.2008.11.24
136,en.15.192.54.2007.6.23
136,en.15.100.277.2008.12.12
136,en.3.403.352.2007.11.6
136,en.15.100.35.2008.12.11
136,en.2.291.359.2009.12.3
136,en.2.264.86.2009.5.26
136,en.15.63.196.2008.4.22
136,en.2.275.238.2009.8.4
136,en.15.89.473.2008.10.12
136,en.15.147.141.2009.10.5
136,en.15.61.240.2008.4.17
136,en.15.64.407.2008.4.29
136,en.15.125.81.2009.5.21
136,en.15.103.119.2009.1.2
136,en.13.55.287.2010.5.21
136,en.15.225.152.2007.12.4
136,en.3.329.306.2009.9.25
136,en.3.373.406.2007.6.11
136,en.15.105.414.2009.1.20
136,en.15.196.412.2007.7.13
136,en.3.353.241.2010.3.11
136,en.15.125.260.2009.5.19
136,en.3.401.450.2007.10.29
136,en.15.97.10.2008.11.23
136,en.15.160.247.2010.1.14
136,en.15.136.153.2009.7.20
136,en.15.123.444.2009.5.7
136,en.15.112.177.2009.3.11
137,en.15.125.486.2009.5.19
137,en.15.121.11.2009.4.26
137,en.3.322.132.2009.8.9
137,en.15.103.150.2009.1.1
137,en.15.125.410.2009.5.18
137,en.15.227.37.2007.12.11
137,en.3.322.328.2009.8.9
137,en.15.85.24.2008.9.19
137,en.15.63.92.2008.4.23
137,en.15.109.69.2009.2.9
137,en.3.414.91.2007.12.27
137,en.15.62.425.2008.4.21
137,en.3.322.12.2009.8.7
137,en.15.105.44.2009.1.21
137,en.15.210.471.2007.9.30
137,en.15.227.197.2007.12.10
137,en.15.231.446.2007.12.31
137,en.13.3.333.2009.6.11
137,en.15.113.48.2009.3.15
137,en.15.80.369.2008.8.21
137,en.15.103.201.2009.1.2
137,en.2.264.9.2009.5.29
137,en.15.125.313.2009.5.18
137,en.3.384.160.2007.8.6
137,en.15.112.371.2009.3.12
137,en.3.380.407.2007.7.18
137,en.15.106.338.2009.1.22
137,en.15.231.431.2008.1.1
137,en.15.102.178.2008.12.22
137,en.15.125.278.2009.5.19
137,en.2.262.450.2009.5.14
137,en.2.263.424.2009.5.25
137,en.2.258.493.2009.4.21
137,en.3.407.403.2007.11.25
137,en.15.227.175.2007.12.13
137,en.15.106.361.2009.1.22
137,en.15.106.213.2009.1.26
137,en.3.401.244.2007.10.29
137,en.13.1.417.2009.6.2
137,en.3.401.433.2007.10.29
137,en.15.113.348.2009.3.13
137,en.3.397.199.2007.10.14
137,en.15.109.358.2009.2.10
137,en.13.1.370.2009.6.2
137,en.15.125.382.2009.5.18
137,en.3.322.409.2009.8.6
137,en.15.121.97.2009.4.27
137,en.15.232.93.2008.1.7
137,en.2.262.114.2009.5.14
137,en.3.353.276.2010.3.15
138,en.15.140.39.2009.8.23
138,en.2.289.265.2009.11.17
138,en.3.354.303.2010.3.19
138,en.13.10.440.2009.7.28
138,en.15.151.369.2009.11.6
138,en.15.68.399.2008.5.25
138,en.15.95.229.2008.11.13
138,en.13.41.310.2010.3.3
138,en.15.113.375.2009.3.7
138,en.3.361.251.2010.4.29
138,en.15.68.5.2008.5.27
138,en.15.117.407.2009.2.24
138,en.3.359.356.2010.4.17
138,en.3.353.244.2010.3.12
138,en.15.113.441.2009.3.8
138,en.15.114.499.2009.3.3
138,en.13.31.165.2009.12.27
138,en.15.240.130.2008.2.8
138,en.15.91.191.2008.10.21
138,en.15.60.483.2008.4.11
138,en.2.282.106.2009.9.19
138,en.3.353.353.2010.3.15
138,en.13.30.168.2009.12.24
138,en.3.405.397.2007.11.13
138,en.3.410.246.2007.12.7
138,en.3.395.179.2007.10.2
138,en.15.240.14.2008.2.7
138,en.3.348.164.2010.2.8
138,en.15.110.100.2009.3.29
138,en.15.239.73.2008.2.4
138,en.15.80.368.2008.8.16
138,en.3.358.434.2010.4.12
138,en.15.188.96.2007.6.5
138,en.15.117.363.2009.2.21
138,en.13.54.419.2010.5.14
138,en.15.135.104.2009.7.17
138,en.3.357.92.1970.1.1
138,en.15.67.99.2008.5.21
138,en.13.51.213.2010.5.3
138,en.15.68.403.2008.5.28
138,en.3.398.99.2007.10.19
138,en.15.68.433.2008.5.28
138,en.15.255.362.2008.4.5
138,en.15.252.164.2008.3.20
138,en.2.298.6.2010.1.27
138,en.13.5.187.2009.6.23
138,en.13.51.398.2010.5.3
138,en.2.319.495.2010.6.4
138,en.15.128.341.2009.6.7
138,en.2.319.55.2010.6.5
139,en.15.63.333.2008.4.24
139,en.15.123.145.2009.5.6
139,en.2.289.388.2009.11.18
139,en.15.160.247.2010.1.14
139,en.15.99.249.2008.12.4
139,en.2.275.454.2009.8.3
139,en.15.123.345.2009.5.7
139,en.3.376.78.2007.6.28
139,en.2.260.303.2009.5.3
139,en.3.401.81.2007.10.30
139,en.15.80.251.2008.8.14
139,en.15.100.152.2008.12.13
139,en.15.98.422.2008.11.27
139,en.15.96.115.2008.11.17
139,en.2.260.53.2009.5.4
139,en.15.186.279.2007.5.29
139,en.15.121.221.2009.4.29
139,en.15.91.423.2008.10.21
139,en.2.258.61.2009.4.21
139,en.15.64.401.2008.4.29
139,en.15.204.493.2007.8.23
139,en.2.258.437.2009.4.19
139,en.2.296.318.2010.1.18
139,en.15.121.106.2009.4.26
139,en.15.104.436.2009.1.10
139,en.15.119.263.2009.4.13
139,en.15.103.119.2009.1.2
139,en.13.31.149.2009.12.29
139,en.2.309.498.2010.4.10
139,en.3.347.406.2010.1.31
139,en.15.119.206.2009.4.16
139,en.15.100.361.2008.12.14
139,en.15.139.344.2009.8.10
139,en.15.151.306.2009.10.31
139,en.13.3.421.2009.6.11
139,en.3.347.197.2010.2.5
139,en.2.266.223.2009.6.8
139,en.15.97.125.2008.11.21
139,en.13.54.239.2010.5.14
139,en.2.298.321.2010.1.28
139,en.15.88.285.2008.10.7
139,en.15.96.453.2008.11.19
139,en.15.87.44.2008.9.29
139,en.3.403.107.2007.11.5
139,en.13.27.34.2009.11.22
139,en.3.357.492.2010.4.8
139,en.15.188.142.2007.6.4
139,en.15.63.56.2008.4.25
139,en.15.101.11.2008.12.16
139,en.15.100.62.2008.12.14
140,en.15.202.454.2007.8.14
140,en.15.227.97.2007.12.12
140,en.15.78.28.2008.8.3
140,en.3.383.369.2007.8.1
140,en.15.72.123.2008.6.23
140,en.2.298.306.2010.1.28
140,en.15.68.121.2008.5.27
140,en.15.68.244.2008.5.22
140,en.3.329.11.2009.9.26
140,en.15.78.62.2008.8.2
140,en.15.95.29.2008.11.12
140,en.15.240.66.2008.2.5
140,en.3.414.225.2007.12.27
140,en.15.112.70.2009.3.12
140,en.15.186.159.2007.5.28
140,en.15.68.303.2008.5.24
140,en.3.383.181.2007.8.3
140,en.15.220.157.2007.11.8
140,en.3.331.404.2009.10.11
140,en.3.361.181.2010.4.27
140,en.15.202.418.2007.8.16
140,en.3.379.343.2007.7.11
140,en.15.82.13.2008.8.31
140,en.15.85.187.2008.9.22
140,en.15.76.233.2008.7.22
140,en.3.348.410.2010.2.8
140,en.3.356.106.2010.4.1
140,en.3.391.1.2007.9.15
140,en.15.78.21.2008.8.7
140,en.15.231.90.2008.1.1
140,en.2.289.31.2009.11.14
140,en.15.234.427.2008.1.15
140,en.15.216.199.2007.10.23
140,en.3.360.232.2010.4.22
140,en.3.389.332.2007.9.2
140,en.3.339.249.2009.12.8
140,en.15.91.417.2008.10.22
140,en.15.254.438.2008.3.27
140,en.15.218.321.2007.10.31
140,en.3.328.439.2009.9.19
140,en.3.406.266.2007.11.23
140,en.15.73.200.2008.6.27
140,en.2.283.225.2009.9.30
140,en.3.384.462.2007.8.6
140,en.15.186.12.2007.5.30
140,en.2.275.410.2009.8.6
140,en.13.59.140.2010.6.8
140,en.15.86.199.2008.9.23
140,en.15.95.34.2008.11.10
140,en.15.240.265.2008.2.7
141,en.3.381.31.2007.7.22
141,en.3.357.325.2010.4.6
141,en.15.71.292.2008.6.17
141,en.15.201.187.2007.8.11
141,en.15.246.407.2008.2.28
141,en.15.121.256.2009.4.25
141,en.15.253.29.2008.3.26
141,en.3.405.373.2007.11.17
141,en.15.104.454.2009.1.7
141,en.15.204.422.2007.8.24
141,en.3.343.224.2010.1.10
141,en.15.75.379.2008.7.13
141,en.15.75.460.2008.7.9
141,en.15.106.428.2009.1.27
141,en.15.139.442.2009.8.12
141,en.15.210.291.2007.9.26
141,en.3.375.464.2007.6.16
141,en.3.381.202.2007.7.21
141,en.15.85.400.2008.9.22
141,en.15.209.414.2007.9.25
141,en.15.125.421.2009.5.20
141,en.3.363.422.2010.5.9
141,en.15.72.186.2008.6.22
141,en.15.74.407.2008.7.4
141,en.3.373.9.2007.6.11
141,en.15.254.185.2008.3.27
141,en.15.93.442.2008.11.4
141,en.15.225.436.2007.12.4
141,en.15.111.464.2009.3.22
141,en.15.202.459.2007.8.16
141,en.3.343.163.2010.1.14
141,en.15.103.320.2009.1.1
141,en.3.322.170.2009.8.7
141,en.15.253.167.2008.3.26
141,en.15.235.83.2008.1.16
141,en.15.235.70.2008.1.16
141,en.15.89.346.2008.10.11
141,en.15.245.148.2008.2.25
141,en.13.41.106.2010.3.5
141,en.15.140.322.2009.8.21
141,en.2.268.304.2009.6.22
141,en.15.87.323.2008.10.1
141,en.15.72.208.2008.6.18
141,en.15.114.419.2009.3.2
141,en.15.231.415.2008.1.1
141,en.15.252.425.2008.3.20
141,en.3.375.380.2007.6.16
141,en.15.75.245.2008.7.9
141,en.15.92.184.2008.10.25
141,en.15.167.53.2010.2.27
142,en.2.291.12.2009.11.30
142,en.15.218.61.2007.11.1
142,en.3.329.156.2009.9.27
142,en.13.31.457.2009.12.27
142,en.15.128.107.2009.6.5
142,en.15.225.27.2007.12.5
142,en.3.406.132.2007.11.23
142,en.13.27.223.2009.11.21
142,en.13.8.15.2009.7.16
142,en.13.27.380.2009.11.21
142,en.13.31.316.2010.1.2
142,en.15.123.55.2009.5.9
142,en.2.282.207.2009.9.16
142,en.15.187.8.2007.5.30
142,en.13.31.197.2009.12.28
142,en.15.65.321.2008.5.4
142,en.15.88.388.2008.10.8
142,en.15.188.235.2007.6.4
142,en.3.339.147.2009.12.8
142,en.15.247.162.2008.3.3
142,en.3.363.456.2010.5.12
142,en.15.248.461.2008.3.8
142,en.15.90.221.2008.10.18
142,en.3.395.229.2007.10.4
142,en.15.247.202.2008.3.3
142,en.15.68.382.2008.5.25
142,en.3.329.9.2009.9.25
142,en.13.41.348.2010.3.5
142,en.15.136.348.2009.7.27
142,en.15.71.353.2008.6.15
142,en.15.212.454.2007.10.8
142,en.2.262.456.2009.5.13
142,en.15.81.18.2008.8.27
142,en.2.260.490.2009.5.3
142,en.15.72.260.2008.6.21
142,en.2.298.455.2010.1.27
142,en.3.410.175.2007.12.6
142,en.15.67.222.2008.5.19
142,en.15.66.479.2008.5.14
142,en.3.373.441.2007.6.10
142,en.3.419.117.2008.1.18
142,en.15.244.191.2008.2.21
142,en.15.188.457.2007.6.5
142,en.3.407.295.2007.11.23
142,en.3.383.90.2007.8.5
142,en.3.348.210.2010.2.6
142,en.15.132.493.2009.6.25
142,en.15.74.403.2008.7.1
142,en.15.162.394.2010.1.24
142,en.15.245.499.2008.2.27
143,en.13.5.362.2009.6.24
143,en.15.135.12.2009.7.16
143,en.15.151.453.2009.11.2
143,en.15.156.275.2009.12.17
143,en.15.88.458.2008.10.8
143,en.15.114.186.2009.3.4
143,en.3.326.428.2009.9.3
143,en.3.357.427.2010.4.6
143,en.15.86.380.2008.9.22
143,en.15.115.158.2009.2.27
143,en.15.128.137.2009.6.5
143,en.15.83.132.2008.9.7
143,en.2.291.33.2009.11.30
143,en.2.257.101.2009.4.9
143,en.15.88.265.2008.10.6
143,en.15.247.72.2008.3.5
143,en.15.86.178.2008.9.25
143,en.3.326.370.2009.9.5
143,en.15.167.119.2010.2.25
143,en.15.82.465.2008.8.28
143,en.15.111.22.2009.3.20
143,en.15.85.195.2008.9.19
143,en.15.88.89.2008.10.7
143,en.15.82.426.2008.8.29
143,en.15.84.460.2008.9.14
143,en.15.85.460.2008.9.21
143,en.15.119.126.2009.4.10
143,en.15.77.498.2008.7.26
143,en.15.68.74.2008.5.22
143,en.15.81.152.2008.8.25
143,en.15.254.280.2008.3.26
143,en.15.87.61.2008.9.29
143,en.15.83.311.2008.9.5
143,en.15.82.425.2008.9.2
143,en.15.110.158.2009.3.24
143,en.15.251.408.2008.3.18
143,en.15.111.97.2009.3.23
143,en.15.132.74.2009.6.28
143,en.15.83.433.2008.9.7
143,en.3.353.162.2010.3.13
143,en.15.83.186.2008.9.6
143,en.15.245.36.2008.2.27
143,en.15.110.271.2009.3.25
143,en.15.132.169.2009.6.26
143,en.15.86.478.2008.9.24
143,en.15.79.389.2008.8.11
143,en.3.417.393.2008.1.10
143,en.15.82.148.2008.8.31
143,en.15.68.19.2008.5.22
143,en.15.80.97.2008.8.20
144,en.13.1.125.2009.6.1
144,en.2.319.331.2010.6.7
144,en.3.380.389.2007.7.17
144,en.13.59.489.2010.6.10
144,en.15.186.459.2007.5.29
144,en.15.254.299.2008.3.27
144,en.15.254.257.2008.3.28
144,en.2.291.3.2009.12.3
144,en.15.232.158.2008.1.3
144,en.15.101.397.2008.12.18
144,en.15.108.405.2009.2.3
144,en.15.93.425.2008.10.31
144,en.2.281.268.2009.9.9
144,en.15.190.131.2007.6.14
144,en.13.59.457.2010.6.11
144,en.15.74.288.2008.7.6
144,en.3.355.424.2010.3.24
144,en.3.409.147.2007.12.6
144,en.2.319.420.2010.6.7
144,en.15.101.98.2008.12.16
144,en.15.98.247.2008.12.1
144,en.15.74.76.2008.7.7
144,en.15.201.457.2007.8.9
144,en.15.61.302.2008.4.13
144,en.2.309.66.2010.4.11
144,en.15.241.492.2008.2.11
144,en.15.139.442.2009.8.12
144,en.15.236.434.2008.1.23
144,en.15.234.28.2008.1.15
144,en.15.155.334.2009.12.9
144,en.15.111.366.2009.3.19
144,en.15.239.15.2008.2.3
144,en.15.102.21.2008.12.26
144,en.15.246.248.2008.2.29
144,en.15.114.102.2009.3.4
144,en.15.125.468.2009.5.21
144,en.3.417.236.2008.1.10
144,en.15.118.260.2009.4.5
144,en.13.31.389.2010.1.2
144,en.3.414.210.2007.12.29
144,en.15.139.134.2009.8.11
144,en.15.84.446.2008.9.14
144,en.15.128.445.2009.6.5
144,en.13.8.3.2009.7.14
144,en.3.381.305.2007.7.22
144,en.3.395.494.2007.10.3
144,en.2.319.306.2010.6.6
144,en.3.382.32.2007.7.31
144,en.15.74.15.2008.7.1
144,en.13.30.118.2009.12.24
145,en.3.414.177.2007.12.30
145,en.3.414.87.2007.12.30
145,en.3.414.8.2007.12.26
145,en.3.414.463.2007.12.30
145,en.3.414.444.2007.12.26
145,en.3.414.17.2007.12.29
145,en.15.231.168.2008.1.2
145,en.3.414.267.2007.12.26
145,en.3.414.176.2007.12.26
145,en.3.414.237.2007.12.29
145,en.3.395.89.2007.10.2
145,en.15.231.408.2007.12.30
145,en.3.414.446.2007.12.27
145,en.3.414.250.2007.12.28
145,en.3.414.438.2007.12.26
145,en.3.407.14.2007.11.28
145,en.3.414.142.2007.12.29
145,en.15.240.54.2008.2.7
145,en.15.231.476.2008.1.2
145,en.3.389.47.2007.9.1
145,en.3.414.487.2007.12.26
145,en.3.388.436.2007.8.30
145,en.3.414.210.2007.12.29
145,en.15.231.400.2008.1.2
145,en.3.395.137.2007.10.3
145,en.3.414.482.2007.12.28
145,en.3.391.170.2007.9.16
145,en.3.398.9.2007.10.16
145,en.3.414.168.2007.12.30
145,en.3.398.92.2007.10.19
145,en.3.414.318.2007.12.28
145,en.3.414.454.2007.12.28
145,en.15.102.219.2008.12.27
145,en.3.414.299.2007.12.28
145,en.15.231.101.2007.12.30
145,en.3.414.123.2007.12.29
145,en.3.414.11.2007.12.26
145,en.3.414.488.2007.12.28
145,en.3.405.21.2007.11.17
145,en.3.416.50.2008.1.7
145,en.15.156.242.2009.12.15
145,en.15.212.172.2007.10.6
145,en.15.221.132.2007.11.12
145,en.15.72.102.2008.6.18
145,en.3.414.242.2007.12.27
145,en.3.414.96.2007.12.28
145,en.3.414.409.2007.12.28
145,en.15.218.52.2007.11.3
145,en.15.242.257.2008.2.12
145,en.3.414.9.2007.12.27
146,en.2.258.234.2009.4.22
146,en.15.232.156.2008.1.3
146,en.15.78.134.2008.7.31
146,en.15.76.261.2008.7.20
146,en.13.27.237.2009.11.20
146,en.2.260.281.2009.5.4
146,en.3.379.427.2007.7.11
146,en.15.78.263.2008.8.5
146,en.15.98.185.2008.11.30
146,en.15.241.233.2008.2.12
146,en.15.256.134.2008.4.8
146,en.15.243.351.2008.2.18
146,en.15.240.142.2008.2.6
146,en.3.379.294.2007.7.9
146,en.3.383.347.2007.8.2
146,en.3.417.268.2008.1.12
146,en.13.10.2.2009.7.29
146,en.13.25.162.2009.11.8
146,en.15.69.458.2008.5.31
146,en.15.231.427.2008.1.2
146,en.13.27.120.2009.11.19
146,en.15.118.490.2009.4.4
146,en.15.241.468.2008.2.12
146,en.15.236.59.2008.1.22
146,en.15.235.440.2008.1.19
146,en.15.104.49.2009.1.9
146,en.15.111.302.2009.3.20
146,en.3.391.93.2007.9.15
146,en.15.255.435.2008.4.4
146,en.13.27.438.2009.11.19
146,en.15.243.80.2008.2.19
146,en.3.358.30.2010.4.11
146,en.13.27.19.2009.11.19
146,en.15.184.18.2010.5.30
146,en.15.241.35.2008.2.10
146,en.3.384.314.2007.8.6
146,en.15.81.302.2008.8.27
146,en.15.156.95.2009.12.17
146,en.3.410.29.2007.12.7
146,en.2.275.91.2009.8.5
146,en.15.243.417.2008.2.19
146,en.2.275.178.2009.8.2
146,en.3.363.403.2010.5.10
146,en.3.383.161.2007.8.3
146,en.15.114.424.2009.3.3
146,en.3.400.330.2007.10.25
146,en.2.289.269.2009.11.18
146,en.3.392.52.2007.9.19
146,en.2.262.344.2009.5.13
146,en.15.65.368.2008.5.3
147,en.15.176.255.2010.4.23
147,en.15.140.39.2009.8.23
147,en.2.289.265.2009.11.17
147,en.3.354.303.2010.3.19
147,en.3.403.123.2007.11.5
147,en.3.354.460.2010.3.21
147,en.3.403.443.2007.11.6
147,en.3.354.346.2010.3.20
147,en.3.354.499.2010.3.20
147,en.15.83.232.2008.9.5
147,en.15.94.383.2008.11.5
147,en.15.184.150.2010.5.30
147,en.13.10.440.2009.7.28
147,en.3.408.245.2007.12.1
147,en.15.83.158.2008.9.7
147,en.15.209.476.2007.9.25
147,en.2.296.356.2010.1.8
147,en.3.356.482.2010.4.4
147,en.3.392.477.2007.9.22
147,en.15.167.260.2010.2.23
147,en.3.361.251.2010.4.29
147,en.2.258.427.2009.4.21
147,en.3.326.54.2009.9.4
147,en.13.31.165.2009.12.27
147,en.13.45.352.2010.3.25
147,en.15.238.81.2008.1.30
147,en.15.245.277.2008.2.26
147,en.3.406.317.2007.11.19
147,en.13.30.168.2009.12.24
147,en.15.125.296.2009.5.19
147,en.15.72.460.2008.6.21
147,en.15.103.151.2008.12.31
147,en.15.184.259.2010.6.1
147,en.3.357.485.2010.4.7
147,en.2.275.231.2009.8.5
147,en.15.83.22.2008.9.5
147,en.2.298.494.2010.1.27
147,en.15.184.146.2010.5.30
147,en.15.255.427.2008.4.3
147,en.2.264.124.2009.5.29
147,en.2.271.345.2009.7.9
147,en.3.373.392.2007.6.9
147,en.15.97.270.2008.11.21
147,en.3.373.352.2007.6.10
147,en.13.51.398.2010.5.3
147,en.15.117.73.2009.4.3
147,en.15.194.391.2007.7.1
147,en.3.357.343.2010.4.8
147,en.15.160.228.2010.1.16
147,en.15.167.146.2010.2.27
148,en.2.319.119.2010.6.5
148,en.3.347.412.2010.1.31
148,en.15.123.98.2009.5.10
148,en.15.245.345.2008.2.26
148,en.3.333.70.2009.10.26
148,en.15.96.114.2008.11.17
148,en.15.210.65.2007.9.28
148,en.2.278.240.2009.8.24
148,en.15.201.453.2007.8.9
148,en.2.263.399.2009.5.24
148,en.3.339.473.2009.12.8
148,en.3.380.379.2007.7.18
148,en.15.167.412.2010.2.24
148,en.2.260.104.2009.4.29
148,en.15.184.150.2010.5.30
148,en.15.92.350.2008.10.27
148,en.2.275.14.2009.8.3
148,en.15.247.496.2008.3.4
148,en.15.184.146.2010.5.30
148,en.15.216.77.2007.10.23
148,en.2.264.86.2009.5.26
148,en.3.332.88.2009.10.17
148,en.15.90.367.2008.10.18
148,en.2.280.27.2009.9.9
148,en.3.366.418.2010.5.24
148,en.13.10.482.2009.7.29
148,en.15.139.371.2009.8.11
148,en.13.1.366.2009.6.2
148,en.15.220.427.2007.11.9
148,en.3.403.133.2007.11.6
148,en.15.65.241.2008.5.2
148,en.2.263.191.2009.5.23
148,en.3.412.290.2007.12.19
148,en.2.317.41.2010.5.27
148,en.2.281.347.2009.9.16
148,en.15.66.285.2008.5.14
148,en.3.349.57.2010.2.13
148,en.3.373.397.2007.6.9
148,en.13.5.319.2009.6.24
148,en.15.110.376.2009.3.24
148,en.2.317.464.2010.5.27
148,en.15.254.475.2008.3.27
148,en.2.263.426.2009.5.24
148,en.15.250.267.2008.3.12
148,en.15.209.425.2007.9.26
148,en.3.347.351.2010.2.2
148,en.3.347.445.2010.2.4
148,en.15.61.246.2008.4.15
148,en.15.124.192.2009.5.15
148,en.3.400.84.2007.10.26
149,en.15.155.9.2009.12.10
149,en.15.167.10.2010.2.23
149,en.3.350.335.2010.2.18
149,en.3.357.207.2010.4.10
149,en.15.167.44.2010.2.23
149,en.3.354.478.2010.3.21
149,en.15.113.441.2009.3.8
149,en.15.92.117.2008.10.29
149,en.3.322.494.2009.8.8
149,en.3.361.100.1970.1.1
149,en.15.187.312.2007.6.3
149,en.2.319.112.2010.6.4
149,en.15.113.264.2009.3.15
149,en.3.333.405.2009.10.25
149,en.15.125.49.2009.5.21
149,en.3.359.110.2010.4.20
149,en.2.281.239.2009.9.14
149,en.15.106.477.2009.1.22
149,en.15.125.495.2009.5.19
149,en.15.167.362.2010.2.22
149,en.3.353.8.2010.3.12
149,en.3.403.97.2007.11.5
149,en.3.390.100.2007.9.6
149,en.3.406.345.2007.11.23
149,en.15.114.2.2009.3.4
149,en.15.114.264.2009.3.4
149,en.2.309.154.2010.4.10
149,en.15.124.443.2009.5.15
149,en.2.263.324.2009.5.23
149,en.2.282.149.2009.9.17
149,en.3.366.9.2010.5.25
149,en.3.360.442.2010.4.22
149,en.3.407.308.2007.11.24
149,en.3.408.24.2007.12.2
149,en.13.8.85.2009.7.12
149,en.15.80.85.2008.8.21
149,en.3.407.1.2007.11.25
149,en.2.291.275.2009.12.1
149,en.15.112.171.2009.3.10
149,en.3.414.318.2007.12.28
149,en.15.227.174.2007.12.12
149,en.2.271.166.2009.7.9
149,en.3.407.206.2007.11.26
149,en.15.89.375.2008.10.15
149,en.3.359.167.2010.4.17
149,en.3.359.179.2010.4.16
149,en.3.333.368.2009.10.29
149,en.15.73.342.2008.6.26
149,en.15.60.459.2008.4.10
149,en.15.79.106.2008.8.11
150,en.15.77.379.2008.7.27
150,en.2.289.130.2009.11.17
150,en.3.372.79.2007.6.8
150,en.15.73.301.2008.6.25
150,en.15.84.358.2008.9.12
150,en.15.86.115.2008.9.25
150,en.15.241.356.2008.2.11
150,en.15.86.404.2008.9.26
150,en.15.73.196.2008.6.29
150,en.15.98.392.2008.11.26
150,en.15.105.149.2009.1.13
150,en.3.401.492.2007.10.29
150,en.3.329.162.2009.9.22
150,en.15.86.118.2008.9.23
150,en.15.109.400.2009.3.31
150,en.15.89.323.2008.10.12
150,en.2.298.468.2010.1.26
150,en.15.112.159.2009.3.16
150,en.13.41.310.2010.3.3
150,en.15.162.63.2010.1.25
150,en.2.278.438.2009.8.25
150,en.15.63.308.2008.4.24
150,en.3.410.209.2007.12.10
150,en.2.298.293.2010.1.29
150,en.13.8.275.2009.7.16
150,en.15.135.386.2009.7.19
150,en.15.96.460.2008.11.16
150,en.15.92.203.2008.10.29
150,en.15.203.377.2007.8.21
150,en.15.187.446.2007.5.30
150,en.15.65.77.2008.5.6
150,en.15.100.152.2008.12.13
150,en.15.232.220.2008.1.7
150,en.2.296.82.2010.1.20
150,en.3.349.254.2010.2.18
150,en.3.382.476.2007.7.31
150,en.3.405.488.2007.11.15
150,en.3.357.246.2010.4.10
150,en.13.8.164.2009.7.13
150,en.15.242.207.2008.2.13
150,en.13.30.135.2009.12.22
150,en.2.281.380.2009.9.10
150,en.15.209.142.2007.9.25
150,en.13.3.499.2009.6.13
150,en.15.243.263.2008.2.20
150,en.3.343.192.2010.1.12
150,en.15.203.134.2007.8.21
150,en.13.10.57.2009.7.29
150,en.15.96.207.2008.11.19
150,en.3.357.92.1970.1.1
151,en.15.88.337.2008.10.7
151,en.15.89.136.2008.10.12
151,en.15.156.356.2009.12.11
151,en.15.147.290.2009.10.7
151,en.3.397.341.2007.10.12
151,en.3.326.488.2009.9.7
151,en.15.132.397.2009.6.29
151,en.3.397.15.2007.10.11
151,en.15.155.279.2009.12.10
151,en.15.88.419.2008.10.8
151,en.15.89.60.2008.10.13
151,en.15.88.371.2008.10.5
151,en.3.395.420.2007.10.2
151,en.3.396.331.2007.10.9
151,en.15.88.448.2008.10.6
151,en.15.88.273.2008.10.6
151,en.3.331.407.2009.10.13
151,en.15.155.59.2009.12.10
151,en.15.147.409.2009.10.5
151,en.3.403.302.2007.11.7
151,en.3.408.230.2007.12.1
151,en.3.400.74.2007.10.24
151,en.15.147.201.2009.10.6
151,en.3.331.40.2009.10.12
151,en.15.190.332.2007.6.13
151,en.2.258.81.2009.4.16
151,en.3.410.281.2007.12.6
151,en.3.397.276.2007.10.15
151,en.3.397.282.2007.10.13
151,en.15.212.380.2007.10.8
151,en.15.78.416.2008.8.1
151,en.2.291.469.2009.12.6
151,en.3.357.103.2010.4.7
151,en.15.239.17.2008.2.5
151,en.3.410.365.2007.12.9
151,en.3.343.472.1970.1.1
151,en.3.392.265.2007.9.22
151,en.15.64.136.2008.4.29
151,en.3.331.129.2009.10.9
151,en.3.390.438.2007.9.9
151,en.15.212.121.2007.10.8
151,en.15.82.381.2008.8.30
151,en.15.156.363.2009.12.12
151,en.3.331.18.2009.10.10
151,en.15.147.161.2009.10.6
151,en.15.156.220.2009.12.12
151,en.3.397.442.2007.10.12
151,en.3.331.478.2009.10.8
151,en.3.331.445.2009.10.9
151,en.3.397.223.2007.10.14
152,en.15.181.42.2010.5.18
152,en.15.66.346.2008.5.9
152,en.3.382.178.2007.7.27
152,en.3.414.445.2007.12.26
152,en.15.140.39.2009.8.23
152,en.2.289.265.2009.11.17
152,en.3.354.303.2010.3.19
152,en.15.105.444.2009.1.20
152,en.3.343.47.2010.1.14
152,en.15.156.103.2009.12.13
152,en.15.204.43.2007.8.26
152,en.2.270.8.2009.7.2
152,en.15.95.76.2008.11.15
152,en.15.66.353.2008.5.15
152,en.15.62.74.2008.4.17
152,en.15.227.366.2007.12.11
152,en.15.118.9.2009.4.7
152,en.15.245.263.2008.2.26
152,en.15.139.336.2009.8.11
152,en.2.283.312.2009.9.28
152,en.15.244.233.2008.2.21
152,en.15.230.365.2007.12.25
152,en.15.242.155.2008.2.13
152,en.3.383.12.2007.8.1
152,en.15.204.490.2007.8.25
152,en.3.350.498.2010.2.20
152,en.15.227.283.2007.12.12
152,en.3.384.243.2007.8.6
152,en.3.363.166.2010.5.10
152,en.3.417.20.2008.1.11
152,en.15.62.411.2008.4.20
152,en.15.194.80.2007.7.2
152,en.3.349.208.2010.2.16
152,en.15.210.402.2007.9.29
152,en.15.82.400.2008.8.28
152,en.2.266.140.2009.6.10
152,en.2.278.367.2009.8.25
152,en.2.271.499.2009.7.8
152,en.15.125.265.2009.5.20
152,en.15.186.288.2007.5.27
152,en.15.254.88.2008.3.27
152,en.2.260.176.2009.4.29
152,en.15.186.320.2007.5.29
152,en.15.228.333.2007.12.17
152,en.13.10.440.2009.7.28
152,en.15.99.484.2008.12.7
152,en.15.75.39.2008.7.8
152,en.15.88.393.2008.10.7
152,en.15.239.28.2008.2.1
152,en.15.210.294.2007.9.29
153,en.3.331.384.2009.10.9
153,en.15.74.158.2008.7.2
153,en.3.356.468.2010.3.31
153,en.2.282.475.1970.1.1
153,en.15.91.93.2008.10.20
153,en.15.151.93.2009.11.2
153,en.15.240.305.2008.2.7
153,en.3.326.9.2009.9.4
153,en.15.238.111.2008.1.28
153,en.3.332.294.2009.10.15
153,en.15.186.50.2007.5.29
153,en.2.275.275.2009.8.1
153,en.3.373.67.2007.6.12
153,en.3.417.143.2008.1.12
153,en.2.275.261.2009.8.2
153,en.15.151.274.2009.11.6
153,en.3.410.269.2007.12.9
153,en.15.90.347.2008.10.17
153,en.15.132.109.2009.7.1
153,en.15.120.88.2009.4.22
153,en.3.347.420.2010.2.3
153,en.3.405.196.2007.11.13
153,en.15.61.284.2008.4.17
153,en.15.218.291.2007.11.3
153,en.2.277.26.2009.8.18
153,en.13.8.299.2009.7.13
153,en.15.123.76.2009.5.8
153,en.13.27.359.2009.11.20
153,en.15.202.324.2007.8.16
153,en.15.86.474.2008.9.26
153,en.2.311.122.2010.4.26
153,en.3.333.23.2009.10.26
153,en.15.88.67.2008.10.5
153,en.15.188.424.2007.6.6
153,en.15.132.35.2009.6.25
153,en.15.102.470.2008.12.25
153,en.15.132.355.2009.6.26
153,en.2.260.296.2009.4.30
153,en.2.289.31.2009.11.14
153,en.2.289.199.2009.11.14
153,en.3.358.496.2010.4.12
153,en.15.75.357.2008.7.8
153,en.15.128.97.2009.6.7
153,en.15.72.146.2008.6.23
153,en.15.76.426.2008.7.17
153,en.15.113.343.2009.3.8
153,en.3.356.20.2010.4.3
153,en.15.98.368.2008.11.30
153,en.2.279.303.1970.1.1
153,en.3.332.493.2009.10.19
154,en.15.68.43.2008.5.23
154,en.15.181.429.2010.5.17
154,en.15.78.242.2008.8.5
154,en.15.67.397.2008.5.21
154,en.15.67.73.2008.5.20
154,en.15.181.68.2010.5.19
154,en.2.262.308.2009.5.13
154,en.3.381.109.2007.7.21
154,en.15.87.286.2008.9.29
154,en.15.68.299.2008.5.25
154,en.2.281.8.2009.9.13
154,en.15.70.285.2008.6.10
154,en.15.76.165.2008.7.16
154,en.3.356.224.2010.4.2
154,en.15.66.329.2008.5.14
154,en.15.254.362.2008.3.28
154,en.3.417.75.2008.1.12
154,en.15.155.375.2009.12.8
154,en.15.96.365.2008.11.18
154,en.15.225.462.2007.12.5
154,en.15.92.135.2008.10.29
154,en.15.77.29.2008.7.29
154,en.13.1.500.2009.5.31
154,en.3.329.382.2009.9.25
154,en.2.262.380.2009.5.11
154,en.15.167.100.2010.2.26
154,en.15.201.497.2007.8.13
154,en.3.417.300.2008.1.8
154,en.3.410.161.2007.12.8
154,en.15.237.132.2008.1.24
154,en.15.77.172.2008.7.27
154,en.15.67.188.2008.5.18
154,en.15.77.30.2008.7.28
154,en.15.244.333.2008.2.21
154,en.15.77.217.2008.7.27
154,en.15.244.163.2008.2.21
154,en.15.244.49.2008.2.21
154,en.15.66.143.2008.5.8
154,en.15.77.251.2008.7.25
154,en.15.240.167.2008.2.6
154,en.15.92.205.2008.10.26
154,en.15.237.157.2008.1.24
154,en.3.374.422.2007.6.14
154,en.15.76.99.2008.7.19
154,en.3.329.112.2009.9.24
154,en.3.332.388.2009.10.18
154,en.3.407.133.2007.11.28
154,en.3.400.489.2007.10.24
154,en.15.68.252.2008.5.25
154,en.15.76.255.2008.7.23
155,en.15.98.5.2008.11.28
155,en.15.98.314.2008.11.30
155,en.15.98.497.2008.12.1
155,en.15.210.495.2007.9.27
155,en.15.98.462.2008.11.28
155,en.15.98.332.2008.11.26
155,en.15.100.101.2008.12.14
155,en.15.98.346.2008.11.27
155,en.15.98.483.2008.11.30
155,en.15.100.203.2008.12.12
155,en.15.135.287.2009.7.20
155,en.2.289.480.2009.11.15
155,en.15.250.213.2008.3.12
155,en.15.98.109.2008.12.2
155,en.15.98.71.2008.12.1
155,en.15.99.435.2008.12.3
155,en.15.98.468.2008.12.2
155,en.13.51.404.2010.5.3
155,en.15.98.101.2008.11.28
155,en.15.98.132.2008.12.1
155,en.15.154.454.2009.11.26
155,en.2.263.53.2009.5.25
155,en.3.349.130.2010.2.15
155,en.15.98.84.2008.11.30
155,en.15.98.29.2008.11.29
155,en.15.99.448.2008.12.4
155,en.15.103.241.2008.12.31
155,en.15.98.454.2008.12.1
155,en.15.99.415.2008.12.3
155,en.15.98.269.2008.11.30
155,en.15.98.162.2008.11.26
155,en.3.349.483.2010.2.14
155,en.15.100.165.2008.12.15
155,en.15.128.93.2009.6.4
155,en.15.154.94.2009.11.26
155,en.15.123.366.2009.5.8
155,en.15.123.497.2009.5.7
155,en.15.154.362.2009.11.26
155,en.15.154.456.2009.11.25
155,en.15.99.42.2008.12.8
155,en.15.135.202.2009.7.16
155,en.15.179.105.2010.5.6
155,en.2.296.82.2010.1.20
155,en.15.99.463.2008.12.3
155,en.3.348.97.2010.2.10
155,en.15.98.485.2008.11.30
155,en.15.98.412.2008.11.29
155,en.15.98.146.2008.11.27
155,en.15.98.143.2008.12.1
155,en.15.99.24.2008.12.6
156,en.3.360.272.2010.4.26
156,en.3.359.316.2010.4.21
156,en.3.359.231.2010.4.17
156,en.3.360.325.2010.4.26
156,en.3.363.491.2010.5.9
156,en.13.8.102.2009.7.14
156,en.3.360.27.2010.4.25
156,en.3.360.333.2010.4.26
156,en.15.135.380.2009.7.17
156,en.3.360.40.2010.4.26
156,en.15.104.419.2009.1.10
156,en.13.41.84.2010.3.2
156,en.3.361.67.2010.4.28
156,en.13.8.288.2009.7.13
156,en.15.86.146.2008.9.24
156,en.2.281.180.2009.9.15
156,en.13.8.469.2009.7.14
156,en.15.75.276.2008.7.11
156,en.2.262.193.2009.5.16
156,en.2.260.440.2009.4.29
156,en.15.139.9.2009.8.12
156,en.15.69.206.2008.5.29
156,en.15.119.25.2009.4.10
156,en.15.121.423.2009.4.27
156,en.15.238.311.2008.1.28
156,en.3.398.198.2007.10.17
156,en.15.147.50.2009.10.6
156,en.3.352.479.2010.3.8
156,en.15.220.41.2007.11.7
156,en.15.75.268.2008.7.13
156,en.15.95.271.2008.11.13
156,en.13.25.344.2009.11.7
156,en.3.361.400.2010.4.30
156,en.15.256.233.2008.4.8
156,en.13.41.17.2010.3.5
156,en.15.76.488.2008.7.20
156,en.15.242.186.2008.2.15
156,en.3.329.476.2009.9.25
156,en.15.240.472.2008.2.8
156,en.15.137.68.2009.7.30
156,en.15.130.374.2009.6.16
156,en.13.26.99.2009.11.11
156,en.15.246.475.2008.2.29
156,en.15.113.118.2009.3.8
156,en.3.354.34.2010.3.20
156,en.15.201.451.2007.8.8
156,en.15.70.145.2008.6.10
156,en.15.242.229.2008.2.13
156,en.13.41.91.2010.3.2
156,en.3.353.185.2010.3.12
157,en.15.209.13.2007.9.19
157,en.3.373.272.2007.6.12
157,en.3.398.234.2007.10.17
157,en.2.311.231.2010.4.26
157,en.3.360.403.2010.4.22
157,en.15.209.60.2007.9.26
157,en.3.398.32.2007.10.15
157,en.15.86.3.2008.9.25
157,en.15.186.359.2007.5.28
157,en.13.31.349.2010.1.1
157,en.15.209.257.2007.9.26
157,en.15.111.387.2009.3.17
157,en.15.209.262.2007.9.25
157,en.15.245.287.2008.2.25
157,en.3.392.273.2007.9.19
157,en.3.349.186.2010.2.14
157,en.3.373.451.2007.6.9
157,en.15.245.89.2008.2.25
157,en.3.373.406.2007.6.11
157,en.2.268.95.2009.6.17
157,en.3.388.497.2007.8.30
157,en.15.83.89.2008.9.4
157,en.3.400.239.2007.10.27
157,en.15.212.102.2007.10.5
157,en.3.400.61.2007.10.26
157,en.15.101.22.2008.12.17
157,en.15.106.178.2009.1.22
157,en.3.349.103.2010.2.14
157,en.3.380.330.2007.7.18
157,en.15.91.165.2008.10.20
157,en.2.309.260.2010.4.10
157,en.13.31.460.2010.1.3
157,en.15.167.261.2010.2.24
157,en.15.256.430.2008.4.7
157,en.3.373.455.2007.6.11
157,en.15.128.180.2009.6.5
157,en.15.210.236.2007.9.27
157,en.15.162.110.2010.1.24
157,en.3.349.202.2010.2.14
157,en.3.354.496.2010.3.21
157,en.15.210.174.2007.9.29
157,en.15.100.169.2008.12.15
157,en.15.66.265.2008.5.10
157,en.15.210.428.2007.9.27
157,en.15.139.406.2009.8.14
157,en.15.243.272.2008.2.20
157,en.3.382.151.2007.7.30
157,en.15.240.454.2008.2.9
157,en.3.374.482.2007.6.15
157,en.3.347.397.2010.2.2
158,en.3.400.213.2007.10.26
158,en.2.283.337.2009.9.29
158,en.15.245.91.2008.2.25
158,en.15.236.384.2008.1.23
158,en.15.245.275.2008.2.25
158,en.15.215.361.2007.10.20
158,en.15.116.167.2009.2.16
158,en.3.400.57.2007.10.25
158,en.15.73.356.2008.6.29
158,en.15.210.239.2007.10.1
158,en.15.160.128.2010.1.16
158,en.15.247.498.2008.3.3
158,en.15.121.59.2009.4.27
158,en.15.81.453.2008.8.23
158,en.15.97.5.2008.11.26
158,en.15.249.243.2008.3.12
158,en.15.206.369.2007.8.31
158,en.15.72.4.2008.6.21
158,en.3.343.319.2010.1.11
158,en.15.102.377.2008.12.26
158,en.13.53.480.2010.5.14
158,en.3.329.280.2009.9.23
158,en.15.93.114.2008.10.31
158,en.15.83.112.2008.9.7
158,en.13.59.4.2010.6.11
158,en.15.238.104.2008.1.29
158,en.13.27.317.2009.11.20
158,en.2.258.272.2009.4.20
158,en.15.204.359.2007.8.27
158,en.15.240.416.2008.2.8
158,en.15.250.62.2008.3.15
158,en.15.82.375.2008.9.3
158,en.13.27.99.2009.11.19
158,en.15.103.481.2009.1.3
158,en.15.75.61.2008.7.10
158,en.15.255.304.2008.4.5
158,en.3.398.364.2007.10.16
158,en.15.231.61.2007.12.31
158,en.15.249.415.2008.3.12
158,en.15.196.480.2007.7.12
158,en.15.110.101.2009.3.27
158,en.15.87.81.2008.9.29
158,en.15.60.356.2008.4.9
158,en.15.128.186.2009.6.7
158,en.15.187.5.2007.5.31
158,en.3.379.495.2007.7.11
158,en.15.75.328.2008.7.13
158,en.15.106.152.2009.1.23
158,en.15.236.292.2008.1.20
158,en.15.203.394.2007.8.20
159,en.2.317.255.2010.5.27
159,en.13.56.15.2010.5.29
159,en.15.103.102.2008.12.30
159,en.15.254.125.2008.3.29
159,en.15.104.402.2009.1.5
159,en.15.96.56.2008.11.20
159,en.15.238.185.2008.1.30
159,en.15.103.368.2008.12.31
159,en.15.80.335.2008.8.14
159,en.15.190.383.2007.6.12
159,en.15.70.287.2008.6.8
159,en.15.103.177.2008.12.29
159,en.2.282.184.2009.9.19
159,en.15.100.117.2008.12.9
159,en.15.64.364.2008.4.27
159,en.15.96.22.2008.11.20
159,en.15.96.250.2008.11.17
159,en.15.104.283.2009.1.10
159,en.15.104.119.2009.1.10
159,en.15.238.267.2008.1.30
159,en.3.417.268.2008.1.12
159,en.15.236.389.2008.1.24
159,en.15.60.320.2008.4.10
159,en.15.104.434.2009.1.9
159,en.15.76.367.2008.7.16
159,en.2.281.375.2009.9.14
159,en.3.417.181.2008.1.12
159,en.15.229.470.2007.12.22
159,en.15.104.401.2009.1.6
159,en.15.66.488.2008.5.10
159,en.15.121.256.2009.4.25
159,en.15.181.307.2010.5.17
159,en.15.108.308.2009.2.6
159,en.3.380.432.2007.7.18
159,en.15.102.367.2008.12.28
159,en.15.93.432.2008.11.3
159,en.15.112.109.2009.3.17
159,en.15.186.102.2007.5.29
159,en.2.271.356.2009.7.9
159,en.15.103.372.2008.12.29
159,en.13.59.276.2010.6.9
159,en.15.66.65.2008.5.14
159,en.15.249.443.2008.3.12
159,en.15.88.29.2008.10.7
159,en.15.104.94.2009.1.6
159,en.15.61.300.2008.4.13
159,en.15.181.67.2010.5.17
159,en.15.103.179.2009.1.3
159,en.15.70.455.2008.6.6
159,en.3.360.343.1970.1.1
160,en.15.176.255.2010.4.23
160,en.3.392.291.2007.9.23
160,en.15.73.156.2008.6.26
160,en.3.407.270.2007.11.25
160,en.3.347.123.2010.2.4
160,en.3.403.150.2007.11.6
160,en.15.252.65.2008.3.22
160,en.3.373.53.2007.6.10
160,en.15.75.381.2008.7.13
160,en.15.88.170.2008.10.7
160,en.3.383.56.2007.8.3
160,en.15.228.451.2007.12.17
160,en.15.109.18.2009.2.10
160,en.15.239.110.2008.2.4
160,en.3.390.412.2007.9.9
160,en.3.380.235.2007.7.17
160,en.15.227.164.2007.12.12
160,en.3.373.211.2007.6.9
160,en.15.147.116.2009.10.7
160,en.15.244.228.2008.2.22
160,en.3.384.374.2007.8.6
160,en.3.322.246.2009.8.6
160,en.15.256.328.2008.4.8
160,en.3.388.144.2007.8.30
160,en.15.212.32.2007.10.5
160,en.15.246.341.2008.3.2
160,en.15.242.405.2008.2.14
160,en.3.353.44.2010.3.14
160,en.3.374.338.2007.6.15
160,en.15.231.97.2007.12.30
160,en.3.380.150.2007.7.15
160,en.3.400.310.2007.10.24
160,en.3.398.387.2007.10.15
160,en.15.62.227.2008.4.18
160,en.15.216.350.2007.10.23
160,en.15.105.490.2009.1.12
160,en.3.406.464.2007.11.21
160,en.15.187.452.2007.5.31
160,en.3.406.205.2007.11.19
160,en.15.218.88.2007.11.2
160,en.3.391.8.2007.9.12
160,en.15.186.417.2007.5.28
160,en.15.238.96.2008.1.30
160,en.3.390.395.2007.9.6
160,en.13.8.204.2009.7.14
160,en.13.59.97.2010.6.9
160,en.15.97.161.2008.11.23
160,en.15.256.47.2008.4.7
160,en.3.419.264.2008.1.17
160,en.3.381.128.2007.7.23
161,en.3.377.31.2007.6.29
161,en.15.73.13.2008.6.28
161,en.15.132.497.2009.6.26
161,en.15.253.200.2008.3.25
161,en.3.392.444.2007.9.20
161,en.15.132.328.2009.6.27
161,en.15.220.389.2007.11.7
161,en.15.63.114.2008.4.25
161,en.15.242.444.2008.2.15
161,en.15.97.290.2008.11.23
161,en.15.104.212.2009.1.7
161,en.3.394.376.2007.10.1
161,en.15.237.18.2008.1.25
161,en.15.105.271.2009.1.12
161,en.3.391.20.2007.9.14
161,en.15.107.188.2009.1.30
161,en.3.417.37.2008.1.10
161,en.3.397.438.2007.10.11
161,en.15.248.153.2008.3.7
161,en.15.247.265.2008.3.5
161,en.3.405.409.2007.11.14
161,en.15.94.454.2008.11.7
161,en.15.236.190.2008.1.22
161,en.15.247.216.2008.3.3
161,en.3.382.65.2007.7.27
161,en.15.251.195.2008.3.18
161,en.3.392.149.2007.9.19
161,en.15.232.414.2008.1.4
161,en.15.111.457.2009.3.22
161,en.15.85.486.2008.9.17
161,en.3.419.17.2008.1.18
161,en.3.397.264.2007.10.11
161,en.15.236.15.2008.1.23
161,en.15.243.499.2008.2.18
161,en.3.379.20.2007.7.9
161,en.15.60.104.2008.4.10
161,en.15.101.398.2008.12.18
161,en.15.210.69.2007.9.28
161,en.3.406.378.2007.11.22
161,en.3.407.148.2007.11.28
161,en.15.243.2.2008.2.19
161,en.15.242.222.2008.2.15
161,en.15.188.401.2007.6.6
161,en.3.372.276.2007.6.8
161,en.3.383.56.2007.8.3
161,en.15.104.103.2009.1.10
161,en.15.228.120.2007.12.18
161,en.15.209.26.2007.9.17
161,en.3.417.234.2008.1.9
161,en.15.254.5.2008.3.28
162,en.15.136.348.2009.7.27
162,en.2.319.185.2010.6.3
162,en.13.55.206.2010.5.24
162,en.15.115.426.2009.2.11
162,en.15.184.383.2010.5.31
162,en.15.240.449.2008.2.6
162,en.15.240.448.2008.2.7
162,en.15.68.211.2008.5.25
162,en.3.356.365.2010.3.31
162,en.15.252.199.2008.3.22
162,en.3.360.106.2010.4.21
162,en.15.85.308.2008.9.19
162,en.15.83.100.2008.9.6
162,en.15.70.214.2008.6.7
162,en.3.381.219.2007.7.22
162,en.15.64.236.2008.4.27
162,en.15.147.470.2009.10.7
162,en.2.319.277.2010.6.7
162,en.15.240.116.2008.2.6
162,en.15.248.461.2008.3.8
162,en.15.250.153.2008.3.15
162,en.15.250.365.2008.3.15
162,en.15.194.145.2007.7.4
162,en.15.240.340.2008.2.6
162,en.15.240.134.2008.2.6
162,en.15.203.223.2007.8.22
162,en.15.240.173.2008.2.6
162,en.15.250.284.2008.3.15
162,en.15.111.345.2009.3.21
162,en.15.203.42.2007.8.20
162,en.15.250.300.2008.3.16
162,en.15.119.66.2009.4.11
162,en.15.240.194.2008.2.7
162,en.15.103.309.2008.12.30
162,en.3.332.245.2009.10.22
162,en.15.104.22.2009.1.8
162,en.15.93.313.2008.10.31
162,en.15.140.100.2009.8.21
162,en.15.252.326.2008.3.19
162,en.15.135.21.2009.7.19
162,en.15.111.82.2009.3.23
162,en.15.203.129.2007.8.19
162,en.15.252.436.2008.3.23
162,en.3.382.271.2007.7.26
162,en.3.359.165.1970.1.1
162,en.3.407.302.2007.11.25
162,en.3.375.26.2007.6.18
162,en.3.389.409.2007.9.2
162,en.15.66.9.2008.5.10
162,en.15.66.44.2008.5.10
163,en.15.238.200.2008.1.30
163,en.2.298.5.2010.1.26
163,en.15.140.39.2009.8.23
163,en.2.289.265.2009.11.17
163,en.3.354.303.2010.3.19
163,en.15.90.122.2008.10.19
163,en.15.117.143.2009.2.23
163,en.3.333.382.2009.10.26
163,en.3.333.93.2009.10.25
163,en.3.360.177.2010.4.26
163,en.2.270.185.2009.7.2
163,en.3.349.464.2010.2.16
163,en.3.410.159.2007.12.7
163,en.15.121.11.2009.4.26
163,en.3.417.271.2008.1.9
163,en.15.91.58.2008.10.20
163,en.15.162.85.2010.1.22
163,en.3.383.70.2007.7.31
163,en.3.372.246.2007.6.8
163,en.2.298.77.2010.1.26
163,en.13.10.440.2009.7.28
163,en.3.414.346.2007.12.30
163,en.15.70.438.2008.6.10
163,en.2.282.442.2009.9.18
163,en.15.218.424.2007.11.2
163,en.15.242.375.2008.2.13
163,en.3.384.123.2007.8.7
163,en.15.82.197.2008.9.3
163,en.2.298.92.2010.1.26
163,en.15.118.453.2009.4.8
163,en.15.246.447.2008.2.29
163,en.15.125.362.2009.5.19
163,en.15.232.30.2008.1.6
163,en.15.243.378.2008.2.18
163,en.15.245.499.2008.2.27
163,en.15.107.424.2009.2.1
163,en.3.361.251.2010.4.29
163,en.2.271.180.2009.7.9
163,en.15.120.421.2009.4.22
163,en.15.218.459.2007.10.31
163,en.15.72.391.2008.6.23
163,en.2.296.87.2010.1.20
163,en.15.68.428.2008.5.27
163,en.13.31.165.2009.12.27
163,en.2.258.172.2009.4.20
163,en.3.408.57.2007.11.29
163,en.15.155.238.2009.12.9
163,en.15.167.383.2010.2.22
163,en.15.89.55.2008.10.15
163,en.3.408.58.2007.12.2
164,en.15.141.445.2009.8.29
164,en.15.220.5.2007.11.10
164,en.2.298.269.1970.1.1
164,en.15.107.259.2009.1.29
164,en.15.102.78.2008.12.23
164,en.15.113.262.2009.3.14
164,en.15.112.273.2009.3.11
164,en.13.30.297.2009.12.23
164,en.15.137.476.2009.7.31
164,en.3.333.194.2009.10.29
164,en.3.327.389.2009.9.13
164,en.3.375.162.2007.6.20
164,en.15.136.153.2009.7.20
164,en.15.96.414.2008.11.18
164,en.15.89.346.2008.10.11
164,en.13.8.462.2009.7.11
164,en.2.282.345.2009.9.19
164,en.2.281.481.2009.9.9
164,en.15.87.427.2008.10.3
164,en.2.271.301.2009.7.8
164,en.3.326.100.2009.9.6
164,en.15.132.336.2009.6.29
164,en.15.132.121.2009.6.30
164,en.2.271.457.2009.7.8
164,en.15.132.99.2009.6.30
164,en.15.113.158.2009.3.6
164,en.13.8.64.2009.7.12
164,en.15.132.5.2009.6.26
164,en.15.132.44.2009.6.26
164,en.15.136.376.2009.7.25
164,en.15.139.473.2009.8.12
164,en.15.97.195.2008.11.26
164,en.2.271.392.2009.7.8
164,en.3.333.334.2009.10.24
164,en.15.245.109.2008.2.27
164,en.15.218.32.2007.11.2
164,en.15.132.489.2009.6.26
164,en.15.132.202.2009.6.26
164,en.2.271.348.2009.7.8
164,en.3.329.289.2009.9.26
164,en.13.3.293.2009.6.11
164,en.15.132.195.2009.6.26
164,en.15.132.246.2009.6.26
164,en.15.132.317.2009.6.26
164,en.2.305.365.2010.3.16
164,en.15.132.479.2009.6.26
164,en.3.326.442.2009.9.1
164,en.15.132.117.2009.7.1
164,en.2.275.340.2009.8.4
164,en.2.275.213.2009.8.4
165,en.15.172.295.2010.3.28
165,en.15.72.327.2008.6.18
165,en.15.237.155.2008.1.25
165,en.15.61.228.2008.4.15
165,en.3.333.184.2009.10.23
165,en.3.361.271.2010.4.29
165,en.3.363.155.2010.5.7
165,en.15.246.283.2008.2.29
165,en.3.389.263.2007.9.6
165,en.3.363.414.2010.5.9
165,en.13.30.47.2009.12.21
165,en.3.358.46.2010.4.13
165,en.3.357.499.2010.4.5
165,en.3.398.89.2007.10.19
165,en.15.76.492.2008.7.15
165,en.15.240.124.2008.2.6
165,en.3.357.72.2010.4.6
165,en.3.366.128.2010.5.26
165,en.3.383.144.2007.8.3
165,en.15.241.337.2008.2.10
165,en.2.260.203.2009.5.2
165,en.15.151.369.2009.11.6
165,en.3.382.149.2007.7.28
165,en.3.356.425.2010.3.31
165,en.3.373.10.2007.6.9
165,en.15.95.275.2008.11.11
165,en.3.357.110.2010.4.10
165,en.15.132.65.2009.6.26
165,en.15.241.157.2008.2.10
165,en.15.246.228.2008.2.27
165,en.15.156.39.2009.12.15
165,en.15.102.451.2008.12.26
165,en.3.398.222.2007.10.18
165,en.15.102.490.2008.12.26
165,en.15.74.270.2008.7.1
165,en.15.69.89.2008.6.2
165,en.3.356.328.2010.4.4
165,en.15.249.439.2008.3.10
165,en.15.77.354.2008.7.30
165,en.2.264.383.2009.5.26
165,en.15.240.277.2008.2.7
165,en.15.101.128.2008.12.16
165,en.15.243.114.2008.2.20
165,en.15.123.283.2009.5.6
165,en.3.383.197.2007.8.5
165,en.15.249.344.2008.3.11
165,en.3.358.494.2010.4.12
165,en.15.108.40.2009.2.3
165,en.15.71.252.2008.6.15
165,en.15.215.457.2007.10.20
166,en.3.353.237.2010.3.15
166,en.3.326.35.2009.9.5
166,en.2.268.58.2009.6.17
166,en.13.1.76.2009.6.2
166,en.3.366.257.2010.5.26
166,en.2.275.398.2009.8.2
166,en.13.3.433.2009.6.11
166,en.15.123.265.2009.5.6
166,en.2.270.40.2009.7.2
166,en.2.291.354.2009.12.2
166,en.15.231.249.2008.1.2
166,en.15.67.353.2008.5.20
166,en.3.391.102.2007.9.15
166,en.15.249.166.2008.3.10
166,en.15.119.153.2009.4.15
166,en.13.1.86.2009.6.2
166,en.15.128.421.2009.6.4
166,en.13.1.248.2009.6.1
166,en.2.268.147.2009.6.19
166,en.15.251.200.2008.3.17
166,en.15.106.200.2009.1.26
166,en.15.156.457.2009.12.17
166,en.15.106.230.2009.1.25
166,en.15.128.82.2009.6.4
166,en.15.63.464.2008.4.24
166,en.15.132.314.2009.6.28
166,en.15.109.229.2009.3.31
166,en.2.266.20.2009.6.9
166,en.15.100.122.2008.12.14
166,en.3.405.499.2007.11.18
166,en.13.1.270.2009.6.1
166,en.3.380.137.2007.7.19
166,en.3.406.70.2007.11.20
166,en.15.66.192.2008.5.10
166,en.2.268.303.2009.6.17
166,en.15.254.200.2008.3.28
166,en.3.406.156.2007.11.19
166,en.3.332.95.2009.10.22
166,en.3.397.155.2007.10.11
166,en.15.79.171.2008.8.13
166,en.3.361.356.2010.4.30
166,en.15.128.167.2009.6.6
166,en.15.244.298.2008.2.23
166,en.15.65.25.2008.5.7
166,en.3.383.176.2007.8.1
166,en.2.319.176.2010.6.6
166,en.3.347.429.2010.2.1
166,en.15.135.430.2009.7.17
166,en.15.68.235.2008.5.26
166,en.13.3.449.2009.6.10
167,en.15.188.413.2007.6.4
167,en.15.204.340.2007.8.24
167,en.15.243.346.2008.2.18
167,en.15.101.38.2008.12.21
167,en.15.140.455.2009.8.21
167,en.15.140.356.2009.8.21
167,en.15.212.100.2007.10.8
167,en.15.204.210.2007.8.23
167,en.15.209.454.2007.9.25
167,en.15.90.126.2008.10.16
167,en.3.358.332.2010.4.13
167,en.3.377.64.2007.6.30
167,en.2.289.471.2009.11.14
167,en.3.357.236.2010.4.9
167,en.2.266.3.2009.6.9
167,en.2.278.256.2009.8.25
167,en.3.356.371.2010.3.31
167,en.15.82.476.2008.8.28
167,en.13.8.56.2009.7.16
167,en.15.234.467.2008.1.14
167,en.15.89.19.2008.10.14
167,en.3.356.104.2010.3.31
167,en.3.356.406.2010.4.2
167,en.2.291.112.2009.11.30
167,en.3.395.252.2007.10.2
167,en.15.252.44.2008.3.19
167,en.15.147.312.2009.10.7
167,en.3.356.309.2010.4.3
167,en.15.212.310.2007.10.8
167,en.15.110.134.2009.3.30
167,en.3.395.75.2007.10.3
167,en.3.348.431.2010.2.10
167,en.3.356.317.2010.3.30
167,en.15.120.421.2009.4.22
167,en.2.270.291.2009.7.4
167,en.3.389.413.2007.9.4
167,en.2.281.240.2009.9.16
167,en.3.356.496.2010.3.29
167,en.15.253.457.2008.3.26
167,en.3.356.487.2010.4.4
167,en.15.246.304.2008.3.2
167,en.2.296.393.2010.1.20
167,en.15.202.210.2007.8.15
167,en.15.218.286.2007.11.1
167,en.3.363.54.2010.5.9
167,en.15.212.300.2007.10.6
167,en.2.291.288.2009.11.28
167,en.15.89.96.2008.10.10
167,en.3.356.101.2010.4.1
167,en.15.215.84.2007.10.22
168,en.15.167.213.2010.2.26
168,en.2.264.180.2009.5.27
168,en.2.270.298.2009.7.3
168,en.15.238.113.2008.1.30
168,en.15.220.369.2007.11.8
168,en.15.123.289.2009.5.9
168,en.2.263.40.2009.5.26
168,en.3.400.277.2007.10.24
168,en.15.84.398.2008.9.14
168,en.15.84.75.2008.9.17
168,en.2.264.97.2009.5.29
168,en.15.162.204.2010.1.25
168,en.15.139.169.2009.8.11
168,en.15.82.83.2008.8.30
168,en.15.124.469.2009.5.15
168,en.15.140.411.2009.8.21
168,en.15.139.411.2009.8.13
168,en.15.247.413.2008.3.4
168,en.15.110.137.2009.3.24
168,en.15.83.201.2008.9.5
168,en.15.219.113.2007.11.4
168,en.15.124.489.2009.5.15
168,en.15.108.192.2009.2.2
168,en.15.81.488.2008.8.23
168,en.13.30.94.2009.12.21
168,en.15.68.105.2008.5.28
168,en.3.326.68.2009.9.3
168,en.15.132.213.2009.6.30
168,en.15.76.263.2008.7.21
168,en.15.220.203.2007.11.9
168,en.15.238.174.2008.1.30
168,en.13.1.9.2009.5.31
168,en.15.70.141.2008.6.12
168,en.15.242.304.2008.2.13
168,en.13.10.152.2009.7.28
168,en.15.68.354.2008.5.24
168,en.2.289.436.1970.1.1
168,en.15.70.70.2008.6.6
168,en.15.147.471.2009.10.3
168,en.15.106.497.2009.1.24
168,en.15.123.434.2009.5.7
168,en.2.261.201.2009.5.5
168,en.3.403.347.2007.11.5
168,en.3.363.477.2010.5.12
168,en.13.3.104.2009.6.11
168,en.15.124.147.2009.5.15
168,en.2.289.79.1970.1.1
168,en.3.417.388.2008.1.8
168,en.15.147.417.2009.10.2
168,en.2.268.387.2009.6.18
169,en.15.95.225.2008.11.15
169,en.3.357.28.2010.4.10
169,en.2.271.191.2009.7.8
169,en.2.263.22.2009.5.24
169,en.15.228.44.2007.12.17
169,en.2.296.82.2010.1.20
169,en.15.192.495.2007.6.22
169,en.3.333.179.2009.10.24
169,en.15.135.287.2009.7.20
169,en.2.283.337.2009.9.29
169,en.15.215.347.2007.10.21
169,en.15.68.241.2008.5.25
169,en.15.206.369.2007.8.31
169,en.15.83.112.2008.9.7
169,en.15.98.468.2008.12.2
169,en.15.234.438.2008.1.16
169,en.13.51.404.2010.5.3
169,en.15.98.143.2008.12.1
169,en.15.98.371.2008.11.26
169,en.15.110.140.2009.3.29
169,en.2.277.90.2009.8.21
169,en.3.356.485.2010.4.1
169,en.3.394.396.2007.10.2
169,en.3.348.82.2010.2.6
169,en.15.236.462.2008.1.22
169,en.15.161.425.2010.1.20
169,en.15.94.161.2008.11.6
169,en.3.380.190.2007.7.19
169,en.13.53.75.2010.5.12
169,en.15.231.338.2008.1.1
169,en.13.27.317.2009.11.20
169,en.15.101.305.2008.12.16
169,en.15.98.247.2008.12.1
169,en.15.121.393.2009.4.24
169,en.3.400.57.2007.10.25
169,en.3.333.303.2009.10.28
169,en.15.251.370.2008.3.17
169,en.15.85.172.2008.9.19
169,en.2.262.220.2009.5.12
169,en.3.407.172.2007.11.24
169,en.3.378.81.2007.7.8
169,en.15.98.352.2008.12.1
169,en.3.414.357.2007.12.28
169,en.15.98.327.2008.11.30
169,en.15.167.98.2010.2.26
169,en.3.376.418.2007.6.25
169,en.15.104.22.2009.1.8
169,en.3.400.213.2007.10.26
169,en.15.231.400.2008.1.2
169,en.15.162.271.2010.1.25
170,en.15.101.124.2008.12.16
170,en.3.322.494.2009.8.8
170,en.15.125.494.2009.5.18
170,en.3.392.100.2007.9.23
170,en.3.398.357.2007.10.18
170,en.3.406.175.2007.11.22
170,en.15.232.10.2008.1.3
170,en.3.403.3.2007.11.6
170,en.15.194.359.2007.7.4
170,en.15.68.329.2008.5.23
170,en.15.63.345.2008.4.23
170,en.15.231.107.2007.12.30
170,en.3.377.33.2007.6.30
170,en.13.30.425.2009.12.19
170,en.15.116.448.2009.2.17
170,en.15.251.52.2008.3.17
170,en.3.376.271.2007.6.27
170,en.2.262.405.2009.5.14
170,en.15.116.276.2009.2.19
170,en.15.64.151.2008.4.28
170,en.15.209.197.2007.9.26
170,en.15.61.163.2008.4.15
170,en.15.61.306.2008.4.16
170,en.15.81.111.2008.8.23
170,en.15.132.162.2009.6.25
170,en.15.96.382.2008.11.16
170,en.2.258.418.2009.4.21
170,en.15.220.180.2007.11.11
170,en.2.262.179.2009.5.12
170,en.15.116.306.2009.2.18
170,en.3.376.222.2007.6.25
170,en.15.71.200.2008.6.13
170,en.13.5.347.2009.6.24
170,en.3.417.39.2008.1.10
170,en.15.132.145.2009.6.28
170,en.3.389.374.2007.9.6
170,en.15.117.114.2009.2.24
170,en.15.76.265.2008.7.23
170,en.3.414.118.2007.12.29
170,en.15.194.435.2007.7.5
170,en.15.232.437.2008.1.5
170,en.15.96.344.2008.11.20
170,en.15.63.16.2008.4.22
170,en.3.390.175.2007.9.8
170,en.15.117.287.2009.2.23
170,en.15.62.288.2008.4.21
170,en.15.123.380.2009.5.9
170,en.15.209.222.2007.9.18
170,en.3.417.321.2008.1.12
170,en.15.249.229.2008.3.10
171,en.3.395.120.2007.10.2
171,en.15.66.329.2008.5.14
171,en.15.67.149.2008.5.20
171,en.3.374.437.2007.6.14
171,en.3.379.214.2007.7.10
171,en.3.384.303.2007.8.6
171,en.3.382.370.2007.7.31
171,en.15.125.440.2009.5.21
171,en.15.201.150.2007.8.13
171,en.3.391.141.2007.9.14
171,en.3.333.227.2009.10.24
171,en.3.355.138.2010.3.23
171,en.15.74.353.2008.7.7
171,en.15.194.127.2007.7.4
171,en.2.275.263.2009.8.5
171,en.15.96.24.2008.11.20
171,en.15.63.101.2008.4.22
171,en.15.71.187.2008.6.16
171,en.2.291.166.2009.12.4
171,en.3.382.479.2007.7.29
171,en.15.68.349.2008.5.28
171,en.15.95.427.2008.11.16
171,en.15.67.406.2008.5.20
171,en.15.85.281.2008.9.22
171,en.2.260.316.2009.5.4
171,en.15.83.269.2008.9.10
171,en.15.68.203.2008.5.24
171,en.3.339.310.2009.12.7
171,en.3.358.164.2010.4.13
171,en.15.220.387.2007.11.12
171,en.13.31.456.2010.1.3
171,en.3.381.269.2007.7.22
171,en.2.262.468.2009.5.12
171,en.15.76.235.2008.7.22
171,en.15.67.494.2008.5.20
171,en.15.67.15.2008.5.17
171,en.15.243.78.2008.2.17
171,en.2.275.110.2009.8.6
171,en.15.244.344.2008.2.20
171,en.15.95.123.2008.11.10
171,en.15.125.131.2009.5.20
171,en.3.333.248.2009.10.25
171,en.15.132.19.2009.6.25
171,en.15.188.42.2007.6.6
171,en.15.178.53.2010.5.4
171,en.15.65.374.2008.4.30
171,en.3.398.2.2007.10.18
171,en.15.109.343.2009.2.8
171,en.15.98.29.2008.11.29
171,en.3.349.203.2010.2.12
172,en.3.381.129.2007.7.25
172,en.3.383.96.2007.8.1
172,en.15.140.39.2009.8.23
172,en.2.289.265.2009.11.17
172,en.3.354.303.2010.3.19
172,en.15.194.368.2007.7.5
172,en.3.388.429.2007.8.30
172,en.15.196.21.2007.7.13
172,en.15.203.408.2007.8.22
172,en.13.10.440.2009.7.28
172,en.3.361.174.2010.4.28
172,en.3.381.447.2007.7.22
172,en.15.201.139.2007.8.13
172,en.3.361.251.2010.4.29
172,en.13.31.165.2009.12.27
172,en.15.69.324.2008.5.31
172,en.13.30.168.2009.12.24
172,en.15.107.490.2009.1.28
172,en.15.103.60.2009.1.1
172,en.15.245.45.2008.2.26
172,en.15.201.359.2007.8.10
172,en.15.247.418.2008.3.3
172,en.3.410.156.2007.12.9
172,en.3.381.202.2007.7.21
172,en.15.123.147.2009.5.7
172,en.13.51.398.2010.5.3
172,en.15.97.129.2008.11.21
172,en.2.278.406.2009.8.26
172,en.15.62.279.2008.4.18
172,en.15.234.438.2008.1.16
172,en.2.275.37.2009.8.5
172,en.15.125.394.2009.5.17
172,en.15.78.138.2008.8.3
172,en.15.202.262.2007.8.14
172,en.15.109.326.2009.2.9
172,en.15.236.296.2008.1.20
172,en.15.116.406.2009.2.14
172,en.15.78.267.2008.8.4
172,en.15.188.222.2007.6.4
172,en.13.54.455.2010.5.14
172,en.15.78.398.2008.8.2
172,en.3.417.379.2008.1.10
172,en.3.350.498.2010.2.20
172,en.13.53.167.2010.5.12
172,en.3.392.51.2007.9.20
172,en.15.251.370.2008.3.17
172,en.13.51.118.2010.5.3
172,en.2.266.454.2009.6.9
172,en.3.408.400.2007.11.30
172,en.3.357.316.2010.4.5
173,en.3.407.323.2007.11.24
173,en.15.80.466.2008.8.17
173,en.15.75.344.2008.7.8
173,en.3.390.293.2007.9.6
173,en.3.414.231.2007.12.28
173,en.15.80.362.2008.8.21
173,en.15.60.32.2008.4.9
173,en.15.243.226.2008.2.17
173,en.15.74.413.2008.7.7
173,en.15.72.1.2008.6.21
173,en.15.250.26.2008.3.13
173,en.3.361.73.2010.4.30
173,en.15.255.454.2008.3.31
173,en.15.238.140.2008.1.29
173,en.15.218.180.2007.11.3
173,en.15.119.400.2009.4.12
173,en.15.229.103.2007.12.21
173,en.3.406.128.2007.11.18
173,en.3.400.129.2007.10.25
173,en.15.79.301.2008.8.13
173,en.15.151.21.2009.10.31
173,en.15.78.378.2008.8.1
173,en.15.74.435.2008.7.3
173,en.3.357.121.2010.4.4
173,en.2.309.154.2010.4.10
173,en.15.79.343.2008.8.10
173,en.15.78.118.2008.8.1
173,en.3.358.275.2010.4.11
173,en.15.81.2.2008.8.24
173,en.15.78.251.2008.8.4
173,en.15.74.159.2008.7.6
173,en.15.81.111.2008.8.23
173,en.15.79.434.2008.8.8
173,en.15.80.107.2008.8.20
173,en.15.63.51.2008.4.25
173,en.15.80.403.2008.8.19
173,en.15.60.229.2008.4.10
173,en.15.80.491.2008.8.18
173,en.15.125.495.2009.5.19
173,en.15.253.116.2008.3.24
173,en.15.238.81.2008.1.30
173,en.15.60.371.2008.4.13
173,en.15.118.350.2009.4.4
173,en.15.81.218.2008.8.22
173,en.15.236.349.2008.1.24
173,en.15.147.283.2009.10.3
173,en.15.90.1.2008.10.17
173,en.15.81.492.2008.8.26
173,en.3.417.328.2008.1.10
173,en.15.81.269.2008.8.23
174,en.2.291.229.2009.12.3
174,en.15.240.208.2008.2.7
174,en.15.238.192.2008.1.29
174,en.2.262.318.2009.5.12
174,en.15.60.376.2008.4.9
174,en.15.245.19.2008.2.25
174,en.15.232.106.2008.1.4
174,en.15.102.397.2008.12.23
174,en.15.244.36.2008.2.22
174,en.2.262.104.2009.5.11
174,en.2.261.100.2009.5.5
174,en.3.333.74.2009.10.23
174,en.15.110.254.2009.3.24
174,en.15.73.420.2008.6.29
174,en.15.237.79.2008.1.25
174,en.15.130.237.2009.6.15
174,en.15.119.21.2009.4.13
174,en.15.246.237.2008.2.28
174,en.3.322.398.2009.8.6
174,en.3.322.81.2009.8.9
174,en.15.147.38.2009.10.2
174,en.15.130.119.2009.6.15
174,en.3.373.256.2007.6.12
174,en.15.115.88.2009.2.12
174,en.15.65.238.2008.5.3
174,en.15.82.368.2008.8.30
174,en.15.243.256.2008.2.19
174,en.15.92.281.2008.10.26
174,en.15.95.481.2008.11.15
174,en.15.83.80.2008.9.8
174,en.15.97.234.2008.11.24
174,en.15.104.246.2009.1.11
174,en.13.3.230.2009.6.14
174,en.15.106.477.2009.1.22
174,en.3.401.85.2007.10.28
174,en.15.115.468.2009.2.12
174,en.15.115.418.2009.2.12
174,en.15.109.60.2009.4.1
174,en.15.240.111.2008.2.7
174,en.15.220.68.2007.11.8
174,en.15.154.236.2009.11.27
174,en.15.116.481.2009.2.19
174,en.15.100.490.2008.12.12
174,en.3.333.136.2009.10.24
174,en.13.26.229.2009.11.11
174,en.3.322.276.2009.8.9
174,en.2.271.481.2009.7.8
174,en.13.5.68.2009.6.23
174,en.15.184.270.2010.5.30
174,en.3.374.72.2007.6.14
175,en.15.167.96.2010.2.24
175,en.15.90.337.2008.10.17
175,en.15.86.344.2008.9.27
175,en.3.407.351.2007.11.27
175,en.15.90.115.2008.10.15
175,en.15.167.175.2010.2.24
175,en.15.167.130.2010.2.24
175,en.15.248.219.2008.3.5
175,en.2.289.84.2009.11.16
175,en.15.79.206.2008.8.12
175,en.3.382.143.2007.7.26
175,en.15.255.320.2008.4.5
175,en.2.296.454.2010.1.20
175,en.2.296.349.2010.1.18
175,en.3.321.378.2009.7.31
175,en.15.167.441.2010.2.26
175,en.15.90.290.2008.10.16
175,en.15.119.56.2009.4.10
175,en.3.380.15.2007.7.17
175,en.13.26.310.2009.11.12
175,en.3.410.233.2007.12.9
175,en.15.254.493.2008.3.30
175,en.15.254.485.2008.3.29
175,en.15.85.396.2008.9.21
175,en.3.390.321.2007.9.7
175,en.2.279.121.2009.8.31
175,en.15.88.244.2008.10.6
175,en.15.167.438.2010.2.25
175,en.15.151.4.2009.11.1
175,en.15.79.439.2008.8.12
175,en.2.296.347.2010.1.18
175,en.15.115.219.2009.2.28
175,en.15.255.477.2008.3.31
175,en.13.26.290.2009.11.12
175,en.3.322.283.2009.8.8
175,en.15.75.18.2008.7.11
175,en.15.94.81.2008.11.8
175,en.3.397.46.2007.10.12
175,en.2.289.107.2009.11.13
175,en.2.320.92.2010.6.12
175,en.15.87.274.2008.10.3
175,en.15.151.357.2009.10.30
175,en.3.338.476.2009.12.6
175,en.15.90.22.2008.10.19
175,en.15.225.491.2007.12.5
175,en.3.403.360.2007.11.4
175,en.15.80.293.2008.8.18
175,en.15.88.94.2008.10.9
175,en.2.282.232.2009.9.17
175,en.13.30.231.2009.12.26
