Query_ID,Document_ID
126,en.3.322.338.2009.8.7
126,en.3.329.19.2009.9.22
126,en.3.326.80.2009.9.5
126,en.13.10.19.2009.7.30
126,en.2.281.34.2009.9.11
126,en.3.326.381.2009.9.2
126,en.3.366.412.2010.5.26
126,en.3.331.441.2009.10.13
126,en.13.8.351.2009.7.10
126,en.3.326.205.2009.9.2
126,en.15.151.98.2009.11.3
126,en.3.350.209.2010.2.18
126,en.3.327.440.2009.9.12
126,en.15.147.229.2009.10.6
126,en.3.331.84.2009.10.10
126,en.13.27.84.2009.11.19
126,en.2.278.125.2009.8.27
126,en.3.326.26.2009.9.2
126,en.3.326.252.2009.9.2
126,en.3.333.11.2009.10.24
126,en.15.220.33.2007.11.10
126,en.13.1.53.2009.5.31
126,en.13.25.215.2009.11.8
126,en.15.148.481.2009.10.7
126,en.15.151.83.2009.10.31
126,en.15.136.499.2009.7.24
126,en.2.278.93.2009.8.26
126,en.3.331.451.2009.10.12
126,en.15.154.217.2009.11.26
126,en.13.8.101.2009.7.14
126,en.15.136.244.2009.7.26
126,en.2.275.482.2009.8.5
126,en.2.281.401.2009.9.9
126,en.13.8.423.2009.7.14
126,en.13.45.6.2010.3.25
126,en.15.124.268.2009.5.15
126,en.15.147.327.2009.10.2
126,en.2.268.455.2009.6.18
126,en.3.358.463.2010.4.12
126,en.15.147.306.2009.10.7
126,en.2.289.268.2009.11.18
126,en.13.8.152.2009.7.16
126,en.2.260.136.2009.5.1
126,en.2.317.224.2010.5.28
126,en.3.329.447.2009.9.22
126,en.13.27.301.2009.11.20
126,en.2.263.161.2009.5.23
126,en.15.121.154.2009.4.27
126,en.3.322.206.2009.8.7
126,en.2.298.336.2010.1.26
127,en.15.135.383.2009.7.22
127,en.15.136.294.2009.7.22
127,en.15.136.476.2009.7.22
127,en.15.136.130.2009.7.22
127,en.15.135.451.2009.7.20
127,en.15.136.326.2009.7.21
127,en.15.136.25.2009.7.22
127,en.15.136.437.2009.7.22
127,en.15.136.379.2009.7.22
127,en.13.31.1.2009.12.27
127,en.15.136.325.2009.7.22
127,en.15.136.141.2009.7.22
127,en.15.106.374.2009.1.25
127,en.15.160.10.2010.1.16
127,en.15.160.419.2010.1.15
127,en.2.260.69.2009.4.29
127,en.15.139.368.2009.8.12
127,en.15.160.127.2010.1.14
127,en.3.397.492.2007.10.14
127,en.15.68.66.2008.5.27
127,en.15.160.114.2010.1.15
127,en.15.167.44.2010.2.23
127,en.15.237.483.2008.1.27
127,en.3.356.375.2010.4.4
127,en.15.246.399.2008.3.1
127,en.15.74.201.2008.7.1
127,en.3.329.484.2009.9.21
127,en.15.86.453.2008.9.22
127,en.3.329.480.2009.9.21
127,en.15.160.225.2010.1.15
127,en.13.10.224.2009.7.28
127,en.15.194.63.2007.7.4
127,en.15.201.270.2007.8.12
127,en.15.218.71.2007.11.4
127,en.15.62.305.2008.4.19
127,en.3.379.214.2007.7.10
127,en.13.3.11.2009.6.10
127,en.3.397.190.2007.10.14
127,en.3.391.149.2007.9.13
127,en.15.69.477.2008.6.3
127,en.15.225.168.2007.12.4
127,en.3.391.104.2007.9.13
127,en.15.194.371.2007.7.3
127,en.15.60.347.2008.4.10
127,en.3.329.464.2009.9.21
127,en.15.245.446.2008.2.26
127,en.13.5.341.2009.6.23
127,en.15.228.158.2007.12.16
127,en.2.260.120.2009.4.29
127,en.3.378.100.2007.7.8
128,en.15.225.130.2007.12.6
128,en.3.410.281.2007.12.6
128,en.15.206.323.2007.8.31
128,en.15.227.288.2007.12.12
128,en.15.227.217.2007.12.11
128,en.15.228.131.2007.12.16
128,en.15.225.224.2007.12.5
128,en.3.397.254.2007.10.10
128,en.15.109.138.2009.2.9
128,en.15.229.284.2007.12.23
128,en.15.114.400.2009.3.5
128,en.15.230.69.2007.12.25
128,en.3.405.372.2007.11.15
128,en.3.376.276.2007.6.25
128,en.2.260.129.2009.4.30
128,en.15.228.280.2007.12.16
128,en.3.410.6.2007.12.7
128,en.15.86.41.2008.9.26
128,en.15.253.217.2008.3.25
128,en.15.89.331.2008.10.14
128,en.15.110.218.2009.3.27
128,en.15.119.333.2009.4.16
128,en.15.121.18.2009.4.27
128,en.15.229.84.2007.12.23
128,en.15.238.195.2008.1.31
128,en.2.260.19.2009.5.1
128,en.15.110.482.2009.3.24
128,en.15.77.239.2008.7.28
128,en.15.229.112.2007.12.23
128,en.15.229.296.2007.12.24
128,en.3.419.51.2008.1.19
128,en.15.240.339.2008.2.6
128,en.15.109.246.2009.4.1
128,en.15.119.167.2009.4.15
128,en.15.94.333.2008.11.6
128,en.15.121.374.2009.4.26
128,en.3.383.144.2007.8.3
128,en.15.229.419.2007.12.23
128,en.15.98.320.2008.11.30
128,en.15.98.387.2008.11.29
128,en.15.121.99.2009.4.28
128,en.15.86.209.2008.9.23
128,en.15.103.135.2008.12.31
128,en.3.419.155.2008.1.19
128,en.15.121.71.2009.4.28
128,en.15.97.60.2008.11.24
128,en.15.97.454.2008.11.24
128,en.15.107.374.2009.1.29
128,en.15.77.429.2008.7.28
128,en.15.117.157.2009.4.3
129,en.2.277.373.2009.8.19
129,en.2.277.79.2009.8.19
129,en.15.139.473.2009.8.12
129,en.15.140.5.2009.8.22
129,en.15.141.445.2009.8.29
129,en.15.132.121.2009.6.30
129,en.3.329.29.2009.9.25
129,en.13.8.466.2009.7.11
129,en.3.331.99.2009.10.12
129,en.13.10.280.2009.7.29
129,en.2.277.462.2009.8.18
129,en.3.343.140.2010.1.9
129,en.13.8.280.2009.7.16
129,en.15.136.356.2009.7.23
129,en.13.27.373.2009.11.21
129,en.3.331.310.2009.10.13
129,en.2.279.199.2009.8.29
129,en.2.278.393.2009.8.25
129,en.13.8.79.2009.7.14
129,en.13.8.358.2009.7.14
129,en.13.8.68.2009.7.11
129,en.3.326.443.2009.9.4
129,en.15.132.424.2009.6.28
129,en.2.278.114.2009.8.25
129,en.15.132.436.2009.6.28
129,en.2.271.199.2009.7.10
129,en.15.132.102.2009.6.28
129,en.15.132.364.2009.6.28
129,en.15.132.153.2009.6.28
129,en.3.355.151.2010.3.24
129,en.15.132.108.2009.6.28
129,en.2.270.11.2009.7.3
129,en.3.333.336.2009.10.23
129,en.15.139.232.2009.8.11
129,en.3.353.412.2010.3.13
129,en.2.275.146.2009.8.6
129,en.3.348.6.2010.2.9
129,en.2.270.133.2009.7.3
129,en.2.275.340.2009.8.4
129,en.2.282.345.2009.9.19
129,en.3.329.53.2009.9.22
129,en.2.275.213.2009.8.4
129,en.15.132.54.2009.6.30
129,en.15.132.336.2009.6.29
129,en.2.271.315.2009.7.9
129,en.3.326.269.2009.9.4
129,en.2.270.162.2009.7.2
129,en.3.326.480.2009.9.4
129,en.15.132.418.2009.6.27
129,en.2.283.328.2009.9.29
130,en.15.68.138.2008.5.25
130,en.13.41.322.2010.2.28
130,en.15.167.198.2010.2.26
130,en.15.69.149.2008.5.31
130,en.15.68.145.2008.5.24
130,en.15.69.143.2008.6.4
130,en.15.69.185.2008.6.4
130,en.13.31.126.2009.12.29
130,en.15.95.49.2008.11.12
130,en.15.218.191.2007.11.3
130,en.15.239.294.2008.2.4
130,en.15.105.47.2009.1.12
130,en.13.41.213.2010.3.4
130,en.2.270.444.2009.7.1
130,en.13.41.107.2010.3.4
130,en.13.41.381.2010.2.28
130,en.15.72.35.2008.6.22
130,en.15.251.174.2008.3.16
130,en.15.75.311.2008.7.11
130,en.15.69.131.2008.6.5
130,en.15.85.451.2008.9.17
130,en.3.349.98.2010.2.16
130,en.15.99.94.2008.12.5
130,en.3.378.475.2007.7.9
130,en.15.114.237.2009.3.2
130,en.15.91.89.2008.10.23
130,en.15.70.48.2008.6.6
130,en.15.61.87.2008.4.17
130,en.2.317.443.2010.5.27
130,en.15.99.301.2008.12.5
130,en.15.69.248.2008.6.2
130,en.3.397.110.2007.10.12
130,en.15.74.254.2008.7.2
130,en.13.41.83.2010.3.2
130,en.15.73.163.2008.6.27
130,en.15.111.194.2009.3.20
130,en.13.41.48.2010.3.2
130,en.15.63.457.2008.4.25
130,en.13.41.25.2010.3.2
130,en.15.72.98.2008.6.19
130,en.15.69.429.2008.5.31
130,en.15.203.470.2007.8.21
130,en.15.72.4.2008.6.21
130,en.15.66.449.2008.5.13
130,en.15.65.339.2008.5.2
130,en.15.147.432.2009.10.7
130,en.15.206.177.2007.8.31
130,en.15.67.249.2008.5.17
130,en.15.119.324.2009.4.16
130,en.15.68.155.2008.5.25
131,en.13.59.310.2010.6.8
131,en.15.231.240.2008.1.2
131,en.3.372.210.2007.6.8
131,en.15.204.115.2007.8.24
131,en.15.240.234.2008.2.7
131,en.15.229.25.2007.12.25
131,en.3.401.374.2007.10.30
131,en.15.132.451.2009.6.26
131,en.15.219.443.2007.11.4
131,en.15.227.272.2007.12.10
131,en.15.65.227.2008.5.4
131,en.15.110.465.2009.3.23
131,en.15.190.210.2007.6.14
131,en.15.239.210.2008.2.5
131,en.15.256.334.2008.4.8
131,en.15.93.166.2008.10.31
131,en.3.373.302.2007.6.10
131,en.15.95.365.2008.11.15
131,en.3.388.133.2007.8.29
131,en.3.403.443.2007.11.6
131,en.3.376.293.2007.6.25
131,en.15.156.228.2009.12.18
131,en.15.201.160.2007.8.9
131,en.15.81.277.2008.8.24
131,en.3.401.415.2007.10.30
131,en.15.186.45.2007.5.29
131,en.2.291.2.2009.11.27
131,en.15.246.155.2008.3.1
131,en.3.401.111.2007.10.30
131,en.15.201.51.2007.8.11
131,en.15.188.146.2007.6.6
131,en.13.31.98.2009.12.29
131,en.13.31.301.2009.12.30
131,en.15.89.314.2008.10.13
131,en.3.376.342.2007.6.25
131,en.15.91.52.2008.10.22
131,en.15.106.232.2009.1.24
131,en.3.398.164.2007.10.16
131,en.15.196.288.2007.7.14
131,en.13.1.251.2009.6.2
131,en.15.104.218.2009.1.8
131,en.15.225.473.2007.12.5
131,en.15.88.152.2008.10.9
131,en.15.117.347.2009.2.22
131,en.3.397.38.2007.10.10
131,en.15.209.41.2007.9.25
131,en.15.242.152.2008.2.16
131,en.15.245.362.2008.2.27
131,en.15.219.33.2007.11.4
131,en.15.219.493.2007.11.4
132,en.15.94.353.2008.11.5
132,en.15.94.448.2008.11.7
132,en.15.93.133.2008.11.3
132,en.15.94.391.2008.11.10
132,en.15.94.459.2008.11.5
132,en.3.417.297.2008.1.9
132,en.15.94.90.2008.11.10
132,en.15.86.10.2008.9.25
132,en.15.79.165.2008.8.11
132,en.15.97.366.2008.11.24
132,en.15.94.246.2008.11.8
132,en.15.94.294.2008.11.8
132,en.15.242.276.2008.2.13
132,en.15.95.370.2008.11.11
132,en.15.94.352.2008.11.5
132,en.15.128.478.2009.6.6
132,en.15.94.182.2008.11.7
132,en.15.95.381.2008.11.11
132,en.15.136.69.2009.7.23
132,en.15.94.296.2008.11.5
132,en.15.97.479.2008.11.25
132,en.15.94.174.2008.11.5
132,en.15.94.334.2008.11.6
132,en.15.86.331.2008.9.28
132,en.15.94.413.2008.11.8
132,en.15.93.496.2008.11.4
132,en.15.94.98.2008.11.8
132,en.15.93.500.2008.11.2
132,en.15.94.56.2008.11.5
132,en.15.252.362.2008.3.19
132,en.15.94.450.2008.11.8
132,en.15.94.434.2008.11.6
132,en.15.72.352.2008.6.22
132,en.15.97.493.2008.11.23
132,en.15.101.3.2008.12.18
132,en.15.94.311.2008.11.7
132,en.15.94.118.2008.11.5
132,en.15.104.85.2009.1.10
132,en.15.110.266.2009.3.25
132,en.15.249.44.2008.3.12
132,en.15.115.343.2009.2.15
132,en.15.93.240.2008.11.3
132,en.15.94.103.2008.11.6
132,en.15.245.418.2008.2.27
132,en.15.94.73.2008.11.6
132,en.15.94.264.2008.11.5
132,en.15.94.3.2008.11.6
132,en.15.116.154.2009.2.17
132,en.15.94.206.2008.11.6
132,en.15.94.392.2008.11.6
133,en.15.203.148.2007.8.21
133,en.15.203.83.2007.8.19
133,en.3.388.171.2007.8.29
133,en.3.388.78.2007.8.29
133,en.2.264.403.2009.5.28
133,en.15.82.100.2008.9.3
133,en.2.264.223.2009.5.29
133,en.3.373.433.2007.6.9
133,en.2.289.33.2009.11.15
133,en.3.392.437.2007.9.19
133,en.3.398.131.2007.10.19
133,en.15.121.338.2009.4.25
133,en.3.400.276.2007.10.27
133,en.15.68.175.2008.5.25
133,en.15.100.303.2008.12.12
133,en.2.266.417.2009.6.8
133,en.15.89.25.2008.10.15
133,en.15.68.348.2008.5.26
133,en.15.181.408.2010.5.17
133,en.15.71.173.2008.6.17
133,en.15.227.251.2007.12.11
133,en.15.106.500.2009.1.22
133,en.15.71.240.2008.6.15
133,en.3.359.495.2010.4.18
133,en.3.327.81.2009.9.11
133,en.15.227.158.2007.12.13
133,en.15.227.322.2007.12.12
133,en.15.203.466.2007.8.19
133,en.15.227.383.2007.12.11
133,en.2.262.80.2009.5.13
133,en.15.104.225.2009.1.10
133,en.15.95.429.2008.11.13
133,en.15.241.461.2008.2.11
133,en.3.332.318.2009.10.20
133,en.15.111.124.2009.3.23
133,en.15.81.278.2008.8.27
133,en.15.132.360.2009.6.29
133,en.15.119.364.2009.4.12
133,en.15.101.16.2008.12.19
133,en.13.26.328.2009.11.9
133,en.15.95.419.2008.11.16
133,en.15.243.75.2008.2.19
133,en.3.359.188.2010.4.18
133,en.3.357.290.2010.4.7
133,en.15.225.62.2007.12.5
133,en.3.359.5.2010.4.17
133,en.15.206.320.2007.8.31
133,en.2.282.8.2009.9.17
133,en.15.60.89.2008.4.9
133,en.3.326.475.2009.9.2
134,en.15.80.224.2008.8.17
134,en.15.84.472.2008.9.14
134,en.15.84.406.2008.9.14
134,en.15.254.257.2008.3.28
134,en.15.98.211.2008.11.27
134,en.15.77.351.2008.7.29
134,en.15.77.280.2008.7.27
134,en.15.77.268.2008.7.27
134,en.15.77.439.2008.7.29
134,en.15.77.318.2008.7.27
134,en.15.98.68.2008.11.27
134,en.15.78.92.2008.7.31
134,en.15.95.243.2008.11.13
134,en.2.305.197.2010.3.16
134,en.15.85.444.2008.9.21
134,en.15.84.425.2008.9.13
134,en.15.87.485.2008.9.30
134,en.15.85.7.2008.9.19
134,en.15.98.375.2008.11.27
134,en.15.94.165.2008.11.8
134,en.15.98.126.2008.11.27
134,en.15.84.188.2008.9.13
134,en.15.86.138.2008.9.28
134,en.15.91.23.2008.10.24
134,en.15.91.477.2008.10.24
134,en.15.204.79.2007.8.26
134,en.15.84.162.2008.9.13
134,en.15.77.239.2008.7.28
134,en.13.1.98.2009.6.1
134,en.15.84.337.2008.9.14
134,en.15.210.316.2007.10.1
134,en.15.77.334.2008.7.26
134,en.15.77.282.2008.7.26
134,en.15.93.15.2008.11.4
134,en.15.204.85.2007.8.25
134,en.15.88.318.2008.10.5
134,en.15.204.441.2007.8.25
134,en.15.204.382.2007.8.26
134,en.15.194.16.2007.7.1
134,en.15.93.372.2008.11.3
134,en.15.87.136.2008.9.28
134,en.15.93.393.2008.10.31
134,en.15.215.233.2007.10.21
134,en.15.92.494.2008.10.30
134,en.15.107.374.2009.1.29
134,en.15.66.250.2008.5.15
134,en.15.84.276.2008.9.14
134,en.15.66.92.2008.5.15
134,en.15.103.298.2009.1.1
134,en.15.93.235.2008.11.1
135,en.3.354.305.2010.3.20
135,en.15.240.205.2008.2.7
135,en.15.240.430.2008.2.7
135,en.15.240.366.2008.2.7
135,en.2.289.265.2009.11.17
135,en.15.240.332.2008.2.6
135,en.15.140.39.2009.8.23
135,en.2.268.299.2009.6.21
135,en.13.31.165.2009.12.27
135,en.13.30.168.2009.12.24
135,en.15.202.5.2007.8.14
135,en.15.239.226.2008.2.1
135,en.15.96.202.2008.11.19
135,en.15.96.239.2008.11.19
135,en.15.96.227.2008.11.20
135,en.3.361.253.2010.4.28
135,en.15.60.29.2008.4.9
135,en.13.51.409.2010.5.2
135,en.15.108.158.2009.2.2
135,en.15.70.477.2008.6.10
135,en.15.244.86.2008.2.20
135,en.2.289.57.2009.11.12
135,en.15.202.268.2007.8.15
135,en.15.203.437.2007.8.20
135,en.15.109.490.2009.2.9
135,en.13.3.445.2009.6.11
135,en.3.349.198.2010.2.17
135,en.3.414.187.2007.12.28
135,en.15.128.357.2009.6.3
135,en.15.231.183.2008.1.2
135,en.15.249.100.2008.3.12
135,en.15.167.81.2010.2.27
135,en.15.96.229.2008.11.20
135,en.15.83.120.2008.9.8
135,en.15.194.271.2007.7.1
135,en.15.68.403.2008.5.28
135,en.15.167.478.2010.2.26
135,en.15.108.61.2009.2.5
135,en.15.239.383.2008.2.2
135,en.13.10.440.2009.7.28
135,en.15.251.85.2008.3.18
135,en.3.380.404.2007.7.17
135,en.2.277.390.2009.8.14
135,en.15.254.78.2008.3.27
135,en.15.162.134.2010.1.25
135,en.2.296.189.2010.1.18
135,en.15.161.200.2010.1.21
135,en.2.298.160.2010.1.28
135,en.3.348.130.2010.2.8
135,en.3.349.412.2010.2.15
136,en.3.354.497.2010.3.19
136,en.15.210.278.2007.9.28
136,en.3.395.7.2007.10.3
136,en.3.401.480.2007.10.31
136,en.15.210.330.2007.9.30
136,en.3.373.320.2007.6.9
136,en.13.55.290.2010.5.23
136,en.13.55.469.2010.5.24
136,en.15.210.281.2007.9.29
136,en.3.391.86.2007.9.15
136,en.15.88.185.2008.10.5
136,en.15.64.410.2008.4.26
136,en.15.204.193.2007.8.25
136,en.3.322.99.2009.8.8
136,en.15.138.391.2009.8.8
136,en.3.322.493.2009.8.8
136,en.15.121.83.2009.4.27
136,en.15.61.245.2008.4.17
136,en.2.277.282.2009.8.15
136,en.15.243.489.2008.2.17
136,en.2.317.2.2010.5.27
136,en.3.397.179.2007.10.11
136,en.15.123.444.2009.5.7
136,en.15.136.423.2009.7.23
136,en.15.63.200.2008.4.25
136,en.15.107.45.2009.1.30
136,en.2.289.319.2009.11.13
136,en.15.190.470.2007.6.14
136,en.15.87.90.2008.10.1
136,en.13.3.421.2009.6.11
136,en.15.100.277.2008.12.12
136,en.3.329.307.2009.9.20
136,en.2.264.86.2009.5.26
136,en.15.212.98.2007.10.6
136,en.13.30.454.2009.12.25
136,en.3.357.206.2010.4.7
136,en.3.407.53.2007.11.25
136,en.3.379.129.2007.7.10
136,en.15.108.483.2009.2.5
136,en.2.275.238.2009.8.4
136,en.3.376.154.2007.6.25
136,en.15.125.260.2009.5.19
136,en.3.403.55.2007.11.7
136,en.3.373.409.2007.6.11
136,en.15.192.54.2007.6.23
136,en.3.380.380.2007.7.17
136,en.2.291.359.2009.12.3
136,en.2.257.103.2009.4.9
136,en.15.76.182.2008.7.18
136,en.3.361.383.2010.4.28
137,en.3.322.136.2009.8.7
137,en.3.322.329.2009.8.7
137,en.13.3.333.2009.6.11
137,en.2.264.9.2009.5.29
137,en.3.322.41.2009.8.7
137,en.15.125.486.2009.5.19
137,en.2.268.45.2009.6.17
137,en.13.1.417.2009.6.2
137,en.13.1.370.2009.6.2
137,en.3.322.120.2009.8.7
137,en.15.188.474.2007.6.5
137,en.3.332.203.2009.10.19
137,en.15.106.338.2009.1.22
137,en.15.124.22.2009.5.16
137,en.2.264.182.2009.5.30
137,en.15.121.97.2009.4.27
137,en.15.162.460.2010.1.23
137,en.2.263.424.2009.5.25
137,en.3.353.277.2010.3.15
137,en.15.107.254.2009.1.27
137,en.15.113.348.2009.3.13
137,en.15.181.495.2010.5.17
137,en.2.279.247.2009.8.31
137,en.3.352.220.2010.3.6
137,en.3.352.256.2010.3.6
137,en.3.354.251.2010.3.17
137,en.15.128.402.2009.6.6
137,en.15.112.371.2009.3.12
137,en.2.262.466.2009.5.12
137,en.2.262.114.2009.5.14
137,en.15.128.302.2009.6.3
137,en.3.407.407.2007.11.23
137,en.2.262.412.2009.5.13
137,en.15.107.193.2009.1.29
137,en.15.113.48.2009.3.15
137,en.15.106.361.2009.1.22
137,en.2.271.11.2009.7.9
137,en.2.258.493.2009.4.21
137,en.3.391.144.2007.9.12
137,en.3.403.473.2007.11.5
137,en.2.262.325.2009.5.14
137,en.15.125.313.2009.5.18
137,en.2.258.425.2009.4.21
137,en.15.123.105.2009.5.10
137,en.15.125.347.2009.5.19
137,en.15.132.176.2009.6.25
137,en.2.263.68.2009.5.23
137,en.2.262.450.2009.5.14
137,en.15.107.200.2009.1.27
137,en.15.125.417.2009.5.19
138,en.3.353.245.2010.3.10
138,en.3.353.354.2010.3.10
138,en.3.361.105.2010.4.27
138,en.3.358.459.2010.4.15
138,en.15.77.92.2008.7.29
138,en.3.361.287.2010.4.27
138,en.13.41.107.2010.3.4
138,en.3.359.232.2010.4.19
138,en.15.125.64.2009.5.21
138,en.3.359.317.2010.4.19
138,en.3.374.220.2007.6.15
138,en.3.358.435.2010.4.15
138,en.3.361.203.1970.1.1
138,en.3.356.179.2010.3.30
138,en.3.360.200.2010.4.26
138,en.3.361.243.2010.4.28
138,en.3.357.45.2010.4.8
138,en.2.262.113.2009.5.13
138,en.15.184.406.2010.6.2
138,en.3.360.147.2010.4.26
138,en.3.356.106.2010.4.1
138,en.3.360.162.2010.4.26
138,en.15.225.317.2007.12.6
138,en.3.384.237.2007.8.7
138,en.15.240.14.2008.2.7
138,en.15.225.109.2007.12.4
138,en.13.41.213.2010.3.4
138,en.3.360.335.2010.4.23
138,en.15.76.446.2008.7.22
138,en.3.392.158.2007.9.20
138,en.13.55.381.2010.5.24
138,en.15.125.275.2009.5.20
138,en.3.398.407.2007.10.16
138,en.15.74.306.2008.7.7
138,en.15.125.68.2009.5.22
138,en.2.305.28.2010.3.16
138,en.15.228.417.2007.12.18
138,en.3.353.151.2010.3.15
138,en.3.377.276.2007.6.29
138,en.15.110.475.2009.3.25
138,en.15.69.180.2008.6.3
138,en.15.255.248.2008.4.5
138,en.3.398.240.2007.10.17
138,en.15.75.422.2008.7.8
138,en.15.125.419.2009.5.19
138,en.15.125.300.2009.5.22
138,en.3.414.60.2007.12.28
138,en.13.55.238.2010.5.23
138,en.15.105.391.2009.1.13
138,en.15.75.222.2008.7.10
139,en.2.260.303.2009.5.3
139,en.2.260.53.2009.5.4
139,en.15.64.405.2008.4.27
139,en.15.204.493.2007.8.23
139,en.2.296.318.2010.1.18
139,en.2.296.316.2010.1.19
139,en.15.119.440.2009.4.16
139,en.2.258.437.2009.4.19
139,en.15.119.206.2009.4.16
139,en.15.63.6.2008.4.21
139,en.15.100.361.2008.12.14
139,en.15.255.259.2008.4.5
139,en.3.376.8.2007.6.25
139,en.15.121.106.2009.4.26
139,en.15.63.337.2008.4.22
139,en.15.123.145.2009.5.6
139,en.2.275.454.2009.8.3
139,en.2.258.61.2009.4.21
139,en.15.103.119.2009.1.2
139,en.15.101.11.2008.12.16
139,en.15.120.141.2009.4.22
139,en.3.333.142.2009.10.28
139,en.15.96.458.2008.11.19
139,en.13.54.248.2010.5.14
139,en.15.119.263.2009.4.13
139,en.15.104.436.2009.1.10
139,en.13.31.249.2009.12.27
139,en.2.289.271.2009.11.15
139,en.15.160.247.2010.1.14
139,en.15.121.221.2009.4.29
139,en.3.403.111.2007.11.5
139,en.15.119.466.2009.4.12
139,en.15.63.108.2008.4.23
139,en.15.90.499.2008.10.18
139,en.15.91.428.2008.10.21
139,en.2.258.408.2009.4.22
139,en.3.347.198.2010.2.2
139,en.15.100.152.2008.12.13
139,en.15.97.115.2008.11.26
139,en.15.151.306.2009.10.31
139,en.13.31.8.2009.12.30
139,en.3.357.467.2010.4.5
139,en.2.266.223.2009.6.8
139,en.2.309.498.2010.4.10
139,en.15.119.432.2009.4.13
139,en.13.3.421.2009.6.11
139,en.3.357.494.2010.4.6
139,en.15.118.408.2009.4.5
139,en.13.31.149.2009.12.29
139,en.15.125.260.2009.5.19
140,en.15.78.66.2008.8.6
140,en.15.78.283.2008.8.5
140,en.3.383.371.2007.8.5
140,en.15.95.293.2008.11.11
140,en.15.68.307.2008.5.23
140,en.15.78.213.2008.8.1
140,en.3.361.183.2010.4.29
140,en.3.331.405.2009.10.10
140,en.3.329.110.2009.9.24
140,en.15.68.126.2008.5.26
140,en.15.68.248.2008.5.26
140,en.15.72.292.2008.6.21
140,en.15.186.159.2007.5.28
140,en.15.68.25.2008.5.28
140,en.3.329.1.1970.1.1
140,en.15.101.122.2008.12.17
140,en.15.70.11.2008.6.7
140,en.15.80.182.2008.8.15
140,en.15.74.441.2008.7.1
140,en.15.66.275.2008.5.14
140,en.3.331.227.2009.10.9
140,en.15.254.438.2008.3.27
140,en.15.97.50.2008.11.21
140,en.2.289.31.2009.11.14
140,en.15.69.138.2008.6.2
140,en.15.70.438.2008.6.10
140,en.15.76.54.2008.7.17
140,en.3.366.281.2010.5.25
140,en.15.76.237.2008.7.20
140,en.15.101.53.2008.12.19
140,en.2.268.183.2009.6.18
140,en.15.250.335.2008.3.15
140,en.15.75.375.2008.7.14
140,en.15.89.309.2008.10.11
140,en.15.250.479.2008.3.14
140,en.2.277.437.2009.8.18
140,en.15.108.152.2009.2.2
140,en.15.95.343.2008.11.14
140,en.3.343.341.2010.1.10
140,en.3.408.50.2007.11.29
140,en.15.91.116.2008.10.22
140,en.15.246.130.2008.2.29
140,en.15.209.306.2007.9.26
140,en.15.240.265.2008.2.7
140,en.3.350.105.2010.2.18
140,en.15.86.355.2008.9.23
140,en.3.350.344.2010.2.18
140,en.15.86.323.2008.9.23
140,en.15.125.192.2009.5.21
140,en.3.395.37.2007.10.4
141,en.3.381.311.2007.7.24
141,en.2.291.30.2009.12.3
141,en.13.27.10.2009.11.19
141,en.15.253.238.2008.3.23
141,en.15.235.70.2008.1.16
141,en.3.419.9.2008.1.18
141,en.2.268.304.2009.6.22
141,en.15.235.50.2008.1.16
141,en.15.101.61.2008.12.19
141,en.15.106.225.2009.1.23
141,en.15.113.99.2009.3.8
141,en.15.114.252.2009.3.1
141,en.15.114.27.2009.3.3
141,en.15.114.70.2009.3.3
141,en.15.133.432.2009.7.7
141,en.15.136.260.2009.7.26
141,en.15.136.416.2009.7.27
141,en.15.139.161.2009.8.11
141,en.15.139.257.2009.8.11
141,en.15.140.131.2009.8.19
141,en.15.147.228.2009.10.3
141,en.15.155.133.2009.12.10
141,en.15.155.9.2009.12.10
141,en.15.162.430.2010.1.24
141,en.15.176.255.2010.4.23
141,en.15.179.213.2010.5.5
141,en.15.179.479.2010.5.5
141,en.15.184.1.2010.6.1
141,en.15.184.272.2010.6.1
141,en.15.184.64.2010.6.1
141,en.15.185.4.2010.6.6
141,en.15.232.83.2008.1.3
141,en.13.27.200.2009.11.19
141,en.2.275.90.2009.8.5
141,en.2.277.87.2009.8.16
141,en.2.278.372.2009.8.25
141,en.2.278.471.2009.8.25
141,en.2.279.257.2009.8.29
141,en.2.279.421.2009.8.29
141,en.2.282.246.2009.9.19
141,en.13.3.213.2009.6.14
141,en.13.31.155.2010.1.2
141,en.13.31.436.2009.12.27
141,en.13.31.445.2010.1.2
141,en.2.317.304.2010.5.28
141,en.2.317.344.2010.5.27
141,en.2.317.74.2010.5.28
141,en.2.319.177.2010.6.6
141,en.2.319.274.2010.6.6
141,en.2.319.348.2010.6.6
142,en.2.275.173.2009.8.3
142,en.13.41.35.2010.2.28
142,en.15.101.61.2008.12.19
142,en.15.114.70.2009.3.3
142,en.15.136.260.2009.7.26
142,en.15.139.257.2009.8.11
142,en.15.140.131.2009.8.19
142,en.15.155.133.2009.12.10
142,en.15.155.9.2009.12.10
142,en.15.179.213.2010.5.5
142,en.15.179.479.2010.5.5
142,en.15.184.272.2010.6.1
142,en.15.185.4.2010.6.6
142,en.13.27.200.2009.11.19
142,en.2.275.90.2009.8.5
142,en.2.277.87.2009.8.16
142,en.2.278.471.2009.8.25
142,en.2.279.421.2009.8.29
142,en.2.282.246.2009.9.19
142,en.13.3.213.2009.6.14
142,en.13.31.155.2010.1.2
142,en.13.31.436.2009.12.27
142,en.13.31.445.2010.1.2
142,en.2.317.344.2010.5.27
142,en.2.317.74.2010.5.28
142,en.2.319.177.2010.6.6
142,en.2.319.274.2010.6.6
142,en.2.319.348.2010.6.6
142,en.2.319.361.2010.6.5
142,en.2.319.367.2010.6.5
142,en.3.326.247.2009.9.5
142,en.3.326.5.2009.9.5
142,en.3.326.80.2009.9.5
142,en.3.327.496.2009.9.10
142,en.3.328.439.2009.9.19
142,en.3.333.392.2009.10.28
142,en.3.333.95.2009.10.25
142,en.3.338.12.2009.12.7
142,en.3.339.258.2009.12.8
142,en.3.339.382.2009.12.8
142,en.3.339.458.2009.12.8
142,en.3.354.453.2010.3.20
142,en.3.356.311.2010.4.3
142,en.3.356.328.2010.4.4
142,en.3.356.334.2010.4.3
142,en.3.356.437.2010.4.3
142,en.3.357.98.2010.4.7
142,en.3.359.118.2010.4.18
142,en.3.359.485.2010.4.18
142,en.3.360.144.2010.4.23
143,en.15.114.186.2009.3.4
143,en.3.357.428.2010.4.8
143,en.15.135.12.2009.7.16
143,en.15.115.158.2009.2.27
143,en.13.5.369.2009.6.23
143,en.15.151.453.2009.11.2
143,en.15.111.22.2009.3.20
143,en.15.247.72.2008.3.5
143,en.15.156.275.2009.12.17
143,en.15.128.137.2009.6.5
143,en.15.88.461.2008.10.7
143,en.15.77.500.2008.7.25
143,en.15.110.158.2009.3.24
143,en.15.254.280.2008.3.26
143,en.15.111.97.2009.3.23
143,en.3.417.402.2008.1.10
143,en.2.257.101.2009.4.9
143,en.15.132.74.2009.6.28
143,en.15.111.417.2009.3.18
143,en.2.291.33.2009.11.30
143,en.15.110.271.2009.3.25
143,en.15.68.194.2008.5.28
143,en.3.417.395.2008.1.10
143,en.15.88.269.2008.10.5
143,en.15.81.156.2008.8.27
143,en.15.88.93.2008.10.7
143,en.15.132.169.2009.6.26
143,en.3.353.165.2010.3.12
143,en.15.251.408.2008.3.18
143,en.3.326.371.2009.9.6
143,en.15.68.78.2008.5.22
143,en.3.326.429.2009.9.1
143,en.13.26.221.2009.11.10
143,en.15.98.17.2008.12.1
143,en.15.245.36.2008.2.27
143,en.15.244.369.2008.2.23
143,en.15.86.181.2008.9.24
143,en.15.119.126.2009.4.10
143,en.15.167.119.2010.2.25
143,en.15.246.137.2008.3.2
143,en.15.86.481.2008.9.26
143,en.15.86.384.2008.9.26
143,en.15.82.469.2008.9.3
143,en.15.83.137.2008.9.8
143,en.15.69.144.2008.6.2
143,en.15.87.66.2008.10.4
143,en.15.228.306.2007.12.16
143,en.3.353.391.2010.3.12
143,en.15.167.243.2010.2.26
143,en.15.83.316.2008.9.10
144,en.13.59.492.2010.6.8
144,en.13.59.461.2010.6.8
144,en.2.319.331.2010.6.7
144,en.15.93.429.2008.11.4
144,en.15.186.459.2007.5.29
144,en.15.108.405.2009.2.3
144,en.2.291.3.2009.12.3
144,en.2.319.421.2010.6.3
144,en.15.101.397.2008.12.18
144,en.2.305.28.2010.3.16
144,en.3.353.151.2010.3.15
144,en.15.123.119.2009.5.6
144,en.15.97.454.2008.11.24
144,en.15.97.60.2008.11.24
144,en.3.398.432.2007.10.18
144,en.15.179.403.2010.5.4
144,en.15.179.322.2010.5.4
144,en.3.393.465.2007.9.23
144,en.2.279.343.2009.9.1
144,en.15.151.383.2009.11.3
144,en.3.417.238.2008.1.10
144,en.15.90.139.2008.10.20
144,en.3.363.421.2010.5.7
144,en.15.113.357.2009.3.15
144,en.15.88.299.2008.10.6
144,en.15.66.428.2008.5.12
144,en.3.407.285.2007.11.27
144,en.13.30.118.2009.12.24
144,en.15.111.366.2009.3.19
144,en.3.411.306.2007.12.14
144,en.3.363.75.2010.5.7
144,en.15.97.278.2008.11.25
144,en.15.256.317.2008.4.7
144,en.15.181.465.2010.5.18
144,en.15.99.478.2008.12.6
144,en.15.234.259.2008.1.15
144,en.15.196.316.2007.7.14
144,en.15.92.197.2008.10.27
144,en.15.181.62.2010.5.18
144,en.2.289.274.2009.11.18
144,en.15.68.46.2008.5.26
144,en.15.105.67.2009.1.14
144,en.15.135.65.2009.7.20
144,en.3.406.194.2007.11.20
144,en.15.69.80.2008.6.1
144,en.2.319.275.2010.6.3
144,en.15.91.279.2008.10.21
144,en.3.405.319.2007.11.17
144,en.15.106.226.2009.1.22
144,en.15.104.27.2009.1.7
145,en.3.414.448.2007.12.28
145,en.3.414.179.2007.12.27
145,en.3.414.89.2007.12.28
145,en.3.414.239.2007.12.27
145,en.3.414.489.2007.12.27
145,en.3.414.446.2007.12.27
145,en.3.414.410.2007.12.28
145,en.3.414.44.2007.12.28
145,en.15.102.390.2008.12.27
145,en.15.231.408.2007.12.30
145,en.3.414.456.2007.12.28
145,en.15.72.107.2008.6.21
145,en.3.414.81.2007.12.27
145,en.3.414.166.2007.12.27
145,en.15.232.396.2008.1.4
145,en.3.414.91.2007.12.27
145,en.3.414.178.2007.12.28
145,en.3.407.141.2007.11.25
145,en.15.231.459.2008.1.2
145,en.3.414.125.2007.12.28
145,en.3.417.499.2008.1.12
145,en.3.416.58.2008.1.7
145,en.3.414.484.2007.12.27
145,en.3.414.32.2007.12.28
145,en.15.240.54.2008.2.7
145,en.3.414.144.2007.12.27
145,en.3.414.465.2007.12.29
145,en.3.414.480.2007.12.28
145,en.3.414.391.2007.12.27
145,en.3.414.255.2007.12.28
145,en.3.398.91.2007.10.17
145,en.3.414.400.2007.12.28
145,en.3.414.244.2007.12.29
145,en.3.414.98.2007.12.29
145,en.3.414.324.2007.12.28
145,en.3.414.252.2007.12.27
145,en.15.231.13.2007.12.31
145,en.2.268.162.2009.6.20
145,en.3.414.271.2007.12.27
145,en.15.102.219.2008.12.27
145,en.15.231.101.2007.12.30
145,en.3.414.432.2007.12.28
145,en.15.243.145.2008.2.17
145,en.3.414.111.2007.12.30
145,en.3.414.49.2007.12.30
145,en.3.398.23.2007.10.19
145,en.15.60.388.2008.4.9
145,en.3.414.383.2007.12.28
145,en.3.414.269.2007.12.28
145,en.3.414.30.2007.12.30
146,en.2.258.234.2009.4.22
146,en.15.232.156.2008.1.3
146,en.15.78.140.2008.8.3
146,en.15.76.265.2008.7.23
146,en.3.379.435.2007.7.11
146,en.13.27.237.2009.11.20
146,en.15.78.267.2008.8.4
146,en.2.260.281.2009.5.4
146,en.15.256.134.2008.4.8
146,en.15.98.189.2008.12.2
146,en.15.241.233.2008.2.12
146,en.3.383.349.2007.8.2
146,en.15.235.440.2008.1.19
146,en.15.240.142.2008.2.6
146,en.3.391.96.2007.9.15
146,en.15.243.351.2008.2.18
146,en.3.379.298.2007.7.10
146,en.15.108.47.2009.2.7
146,en.15.69.461.2008.6.2
146,en.3.417.27.2008.1.8
146,en.13.10.2.2009.7.29
146,en.13.27.120.2009.11.19
146,en.13.25.162.2009.11.8
146,en.3.384.32.2007.8.8
146,en.13.27.19.2009.11.19
146,en.3.392.56.2007.9.19
146,en.15.231.427.2008.1.2
146,en.15.184.18.2010.5.30
146,en.15.241.468.2008.2.12
146,en.15.241.35.2008.2.10
146,en.15.114.424.2009.3.3
146,en.3.358.300.2010.4.12
146,en.15.236.59.2008.1.22
146,en.15.118.490.2009.4.4
146,en.15.104.49.2009.1.9
146,en.2.262.344.2009.5.13
146,en.3.410.293.2007.12.9
146,en.15.115.62.2009.2.14
146,en.13.27.438.2009.11.19
146,en.3.400.332.2007.10.26
146,en.15.111.302.2009.3.20
146,en.2.289.269.2009.11.18
146,en.15.255.435.2008.4.4
146,en.15.110.234.2009.3.29
146,en.13.5.137.2009.6.24
146,en.3.383.324.2007.8.2
146,en.15.243.80.2008.2.19
146,en.3.383.35.2007.8.1
146,en.15.156.95.2009.12.17
146,en.2.275.91.2009.8.5
147,en.3.354.462.2010.3.20
147,en.3.354.50.2010.3.20
147,en.3.354.348.2010.3.21
147,en.15.83.161.2008.9.7
147,en.15.83.236.2008.9.5
147,en.15.83.223.2008.9.7
147,en.3.356.483.2010.3.30
147,en.15.176.255.2010.4.23
147,en.15.184.150.2010.5.30
147,en.3.403.127.2007.11.5
147,en.15.184.146.2010.5.30
147,en.3.392.479.2007.9.22
147,en.13.30.253.2009.12.20
147,en.15.194.391.2007.7.1
147,en.15.125.296.2009.5.19
147,en.2.268.396.2009.6.17
147,en.2.271.345.2009.7.9
147,en.15.151.364.2009.10.30
147,en.2.319.194.2010.6.3
147,en.15.167.146.2010.2.27
147,en.3.374.401.2007.6.14
147,en.15.184.259.2010.6.1
147,en.2.298.375.2010.1.30
147,en.2.298.494.2010.1.27
147,en.3.353.376.2010.3.14
147,en.13.41.464.2010.3.1
147,en.15.253.470.2008.3.23
147,en.13.31.117.2009.12.28
147,en.3.403.446.2007.11.5
147,en.15.254.126.2008.3.28
147,en.2.271.403.2009.7.9
147,en.13.27.66.2009.11.19
147,en.15.238.319.2008.1.28
147,en.3.343.163.2010.1.14
147,en.15.162.44.2010.1.23
147,en.3.357.159.2010.4.10
147,en.2.271.250.2009.7.8
147,en.3.357.486.2010.4.6
147,en.15.245.277.2008.2.26
147,en.3.357.57.2010.4.7
147,en.15.161.271.2010.1.20
147,en.15.82.10.2008.8.30
147,en.13.45.434.2010.3.25
147,en.15.85.50.2008.9.21
147,en.2.264.124.2009.5.29
147,en.3.406.319.2007.11.21
147,en.15.160.21.2010.1.15
147,en.2.260.179.2009.5.2
147,en.15.162.361.2010.1.23
147,en.15.115.227.2009.2.14
148,en.3.347.413.2010.2.5
148,en.2.260.104.2009.4.29
148,en.2.319.119.2010.6.5
148,en.15.201.453.2007.8.9
148,en.3.332.89.2009.10.17
148,en.15.139.371.2009.8.11
148,en.15.123.98.2009.5.10
148,en.2.278.240.2009.8.24
148,en.2.280.27.2009.9.9
148,en.3.380.380.2007.7.17
148,en.15.92.355.2008.10.30
148,en.2.263.399.2009.5.24
148,en.2.263.191.2009.5.23
148,en.15.167.459.2010.2.24
148,en.13.10.482.2009.7.29
148,en.2.281.366.2009.9.9
148,en.3.400.86.2007.10.25
148,en.15.167.412.2010.2.24
148,en.13.8.481.2009.7.13
148,en.15.128.130.2009.6.5
148,en.15.110.376.2009.3.24
148,en.2.264.86.2009.5.26
148,en.3.348.349.2010.2.10
148,en.2.263.426.2009.5.24
148,en.2.281.347.2009.9.16
148,en.15.231.493.2007.12.31
148,en.3.349.58.2010.2.11
148,en.3.403.135.2007.11.7
148,en.3.348.162.2010.2.6
148,en.15.66.289.2008.5.8
148,en.3.360.304.2010.4.22
148,en.3.339.96.2009.12.8
148,en.13.30.253.2009.12.20
148,en.15.67.341.2008.5.19
148,en.15.124.192.2009.5.15
148,en.3.361.476.2010.4.28
148,en.3.373.399.2007.6.12
148,en.3.347.352.2010.2.3
148,en.3.347.448.2010.2.3
148,en.3.398.105.2007.10.17
148,en.15.181.237.2010.5.19
148,en.15.110.225.2009.3.24
148,en.13.5.334.2009.6.24
148,en.15.220.427.2007.11.9
148,en.2.277.270.2009.8.17
148,en.15.109.286.2009.4.1
148,en.15.65.245.2008.5.7
148,en.3.373.151.2007.6.12
148,en.13.1.366.2009.6.2
148,en.15.247.496.2008.3.4
149,en.15.155.9.2009.12.10
149,en.15.167.10.2010.2.23
149,en.15.80.89.2008.8.14
149,en.3.390.102.2007.9.9
149,en.15.254.119.2008.3.27
149,en.3.350.336.2010.2.19
149,en.15.220.115.2007.11.10
149,en.3.405.1.2007.11.13
149,en.3.407.31.2007.11.25
149,en.3.408.242.2007.11.29
149,en.15.88.246.2008.10.6
149,en.3.361.212.2010.4.30
149,en.3.414.32.2007.12.28
149,en.3.407.122.2007.11.24
149,en.3.406.347.2007.11.22
149,en.15.231.221.2008.1.1
149,en.15.154.1.2009.11.26
149,en.2.291.275.2009.12.1
149,en.15.227.174.2007.12.12
149,en.15.250.201.2008.3.14
149,en.3.333.406.2009.10.25
149,en.15.254.409.2008.3.28
149,en.15.254.492.2008.3.28
149,en.15.123.26.2009.5.6
149,en.3.407.368.2007.11.23
149,en.3.380.400.2007.7.18
149,en.2.309.154.2010.4.10
149,en.3.407.209.2007.11.24
149,en.15.240.98.2008.2.6
149,en.15.249.319.2008.3.9
149,en.13.27.347.2009.11.20
149,en.15.124.443.2009.5.15
149,en.2.258.154.2009.4.19
149,en.3.407.407.2007.11.23
149,en.3.407.100.2007.11.24
149,en.2.281.149.2009.9.15
149,en.3.333.369.2009.10.29
149,en.15.187.312.2007.6.3
149,en.15.101.61.2008.12.19
149,en.15.103.398.2009.1.4
149,en.15.113.99.2009.3.8
149,en.15.114.70.2009.3.3
149,en.15.133.432.2009.7.7
149,en.15.136.260.2009.7.26
149,en.15.136.416.2009.7.27
149,en.15.139.161.2009.8.11
149,en.15.139.257.2009.8.11
149,en.15.139.306.2009.8.11
149,en.15.140.131.2009.8.19
149,en.15.147.228.2009.10.3
150,en.3.372.80.2007.6.8
150,en.15.73.305.2008.6.29
150,en.15.73.26.2008.6.28
150,en.15.209.153.2007.9.18
150,en.15.239.330.2008.2.2
150,en.15.73.237.2008.6.25
150,en.15.248.123.2008.3.6
150,en.15.232.8.2008.1.7
150,en.15.77.382.2008.7.24
150,en.15.73.361.2008.6.30
150,en.3.353.266.2010.3.11
150,en.15.250.144.2008.3.13
150,en.15.215.30.2007.10.20
150,en.15.187.167.2007.5.30
150,en.2.289.130.2009.11.17
150,en.15.232.444.2008.1.7
150,en.15.232.220.2008.1.7
150,en.3.332.275.2009.10.16
150,en.15.229.382.2007.12.22
150,en.13.26.202.2009.11.12
150,en.3.332.363.2009.10.22
150,en.3.400.205.2007.10.26
150,en.2.319.4.2010.6.7
150,en.3.391.28.2007.9.13
150,en.15.86.247.2008.9.28
150,en.15.66.184.2008.5.8
150,en.2.320.349.2010.6.8
150,en.15.109.400.2009.3.31
150,en.3.377.296.2007.6.30
150,en.15.239.207.2008.2.5
150,en.3.374.490.2007.6.14
150,en.15.227.204.2007.12.13
150,en.15.101.102.2008.12.19
150,en.15.240.363.2008.2.7
150,en.3.419.176.2008.1.18
150,en.2.319.496.2010.6.7
150,en.15.243.263.2008.2.20
150,en.15.117.66.2009.2.22
150,en.15.187.446.2007.5.30
150,en.15.112.279.2009.3.12
150,en.3.400.418.2007.10.26
150,en.15.61.496.2008.4.17
150,en.15.112.330.2009.3.12
150,en.15.64.192.2008.4.29
150,en.13.41.43.2010.3.5
150,en.15.96.165.2008.11.18
150,en.3.408.416.2007.11.29
150,en.15.250.171.2008.3.14
150,en.15.136.387.2009.7.25
150,en.3.372.272.2007.6.8
151,en.15.155.279.2009.12.10
151,en.15.147.290.2009.10.7
151,en.15.88.340.2008.10.8
151,en.15.147.201.2009.10.6
151,en.3.331.408.2009.10.12
151,en.15.147.161.2009.10.6
151,en.15.147.409.2009.10.5
151,en.15.88.422.2008.10.8
151,en.15.88.278.2008.10.7
151,en.15.212.380.2007.10.8
151,en.3.397.344.2007.10.10
151,en.3.400.76.2007.10.27
151,en.3.397.285.2007.10.11
151,en.3.397.278.2007.10.11
151,en.15.88.452.2008.10.9
151,en.3.410.285.2007.12.7
151,en.15.212.121.2007.10.8
151,en.3.331.180.2009.10.12
151,en.15.147.39.2009.10.5
151,en.15.89.64.2008.10.13
151,en.3.390.44.2007.9.11
151,en.3.331.487.2009.10.8
151,en.15.212.35.2007.10.8
151,en.15.88.445.2008.10.6
151,en.3.397.152.2007.10.12
151,en.3.396.335.2007.10.9
151,en.3.395.422.2007.10.2
151,en.2.291.469.2009.12.6
151,en.3.331.165.2009.10.10
151,en.15.88.375.2008.10.6
151,en.3.408.234.2007.11.28
151,en.3.331.446.2009.10.12
151,en.15.89.165.2008.10.13
151,en.3.331.400.2009.10.9
151,en.3.331.13.2009.10.9
151,en.3.331.200.2009.10.9
151,en.3.357.104.1970.1.1
151,en.2.264.73.2009.5.29
151,en.15.155.59.2009.12.10
151,en.15.89.14.2008.10.10
151,en.15.156.356.2009.12.11
151,en.3.331.126.2009.10.9
151,en.3.331.479.2009.10.9
151,en.15.190.332.2007.6.13
151,en.15.239.17.2008.2.5
151,en.3.397.171.2007.10.14
151,en.15.110.124.2009.3.26
151,en.3.343.474.2010.1.12
151,en.15.78.26.2008.8.6
151,en.15.147.160.2009.10.6
152,en.15.181.42.2010.5.18
152,en.3.382.18.2007.7.26
152,en.3.343.472.1970.1.1
152,en.15.66.357.2008.5.8
152,en.15.105.444.2009.1.20
152,en.15.62.78.2008.4.21
152,en.15.227.283.2007.12.12
152,en.15.156.103.2009.12.13
152,en.3.417.201.2008.1.8
152,en.15.62.416.2008.4.19
152,en.15.242.155.2008.2.13
152,en.3.363.168.2010.5.8
152,en.15.239.28.2008.2.1
152,en.15.204.490.2007.8.25
152,en.15.227.366.2007.12.11
152,en.15.204.43.2007.8.26
152,en.15.125.265.2009.5.20
152,en.3.348.138.2010.2.10
152,en.15.245.263.2008.2.26
152,en.15.194.80.2007.7.2
152,en.15.66.350.2008.5.13
152,en.15.237.25.2008.1.25
152,en.15.230.365.2007.12.25
152,en.13.10.15.2009.7.28
152,en.3.414.447.2007.12.27
152,en.3.349.209.2010.2.12
152,en.15.210.294.2007.9.29
152,en.15.99.488.2008.12.6
152,en.3.363.212.2010.5.8
152,en.2.279.254.2009.8.30
152,en.15.75.393.2008.7.9
152,en.15.228.333.2007.12.17
152,en.15.84.18.2008.9.16
152,en.15.254.497.2008.3.28
152,en.15.85.242.2008.9.18
152,en.15.220.468.2007.11.7
152,en.15.210.402.2007.9.29
152,en.2.266.140.2009.6.10
152,en.15.244.233.2008.2.21
152,en.15.117.134.2009.2.23
152,en.15.82.404.2008.9.3
152,en.3.343.130.2010.1.13
152,en.15.111.207.2009.3.20
152,en.2.270.8.2009.7.2
152,en.15.96.412.2008.11.20
152,en.15.96.7.2008.11.20
152,en.15.139.336.2009.8.11
152,en.15.93.236.2008.11.4
152,en.15.194.88.2007.7.6
152,en.15.132.477.2009.6.28
153,en.3.417.145.2008.1.11
153,en.15.92.363.2008.10.30
153,en.3.403.145.2007.11.7
153,en.15.83.35.2008.9.7
153,en.15.240.305.2008.2.7
153,en.15.250.335.2008.3.15
153,en.15.250.479.2008.3.14
153,en.15.60.128.2008.4.9
153,en.15.186.50.2007.5.29
153,en.15.209.306.2007.9.26
153,en.15.71.126.2008.6.17
153,en.15.71.339.2008.6.16
153,en.15.86.478.2008.9.24
153,en.15.232.88.2008.1.4
153,en.15.132.109.2009.7.1
153,en.15.238.111.2008.1.28
153,en.3.408.50.2007.11.29
153,en.15.73.239.2008.6.26
153,en.15.74.162.2008.7.3
153,en.2.289.31.2009.11.14
153,en.3.389.245.2007.9.6
153,en.3.410.270.2007.12.7
153,en.15.113.363.2009.3.7
153,en.3.397.236.2007.10.10
153,en.15.120.88.2009.4.22
153,en.15.228.5.2007.12.18
153,en.15.84.294.2008.9.16
153,en.15.111.425.2009.3.20
153,en.15.85.431.2008.9.21
153,en.15.254.438.2008.3.27
153,en.2.289.426.2009.11.17
153,en.15.98.325.2008.11.30
153,en.15.96.165.2008.11.18
153,en.3.361.183.2010.4.29
153,en.15.82.133.2008.9.4
153,en.2.260.296.2009.4.30
153,en.15.68.307.2008.5.23
153,en.15.90.350.2008.10.19
153,en.3.401.114.2007.10.30
153,en.3.417.181.2008.1.12
153,en.15.113.200.2009.3.16
153,en.15.97.448.2008.11.23
153,en.15.108.152.2009.2.2
153,en.15.77.433.2008.7.25
153,en.15.210.27.2007.9.27
153,en.15.69.138.2008.6.2
153,en.3.343.341.2010.1.10
153,en.3.358.127.2010.4.13
153,en.3.331.385.2009.10.8
153,en.15.96.173.2008.11.19
154,en.15.244.333.2008.2.21
154,en.15.194.307.2007.7.3
154,en.15.235.188.2008.1.20
154,en.13.10.320.2009.7.29
154,en.15.101.61.2008.12.19
154,en.15.103.398.2009.1.4
154,en.15.106.225.2009.1.23
154,en.15.106.454.2009.1.23
154,en.15.113.99.2009.3.8
154,en.15.114.252.2009.3.1
154,en.15.114.27.2009.3.3
154,en.15.114.70.2009.3.3
154,en.15.136.260.2009.7.26
154,en.15.136.416.2009.7.27
154,en.15.139.161.2009.8.11
154,en.15.139.257.2009.8.11
154,en.15.139.306.2009.8.11
154,en.15.139.336.2009.8.11
154,en.15.140.131.2009.8.19
154,en.15.147.228.2009.10.3
154,en.15.147.490.2009.10.3
154,en.15.155.133.2009.12.10
154,en.15.162.430.2010.1.24
154,en.15.172.295.2010.3.28
154,en.15.176.255.2010.4.23
154,en.15.179.213.2010.5.5
154,en.15.179.479.2010.5.5
154,en.15.184.272.2010.6.1
154,en.15.184.64.2010.6.1
154,en.15.185.4.2010.6.6
154,en.13.27.115.2009.11.18
154,en.13.27.200.2009.11.19
154,en.2.275.90.2009.8.5
154,en.2.277.87.2009.8.16
154,en.2.278.471.2009.8.25
154,en.2.279.421.2009.8.29
154,en.2.282.246.2009.9.19
154,en.13.3.213.2009.6.14
154,en.13.31.436.2009.12.27
154,en.13.31.445.2010.1.2
154,en.2.317.304.2010.5.28
154,en.2.317.344.2010.5.27
154,en.2.319.177.2010.6.6
154,en.2.319.274.2010.6.6
154,en.2.319.348.2010.6.6
154,en.2.319.361.2010.6.5
154,en.2.319.367.2010.6.5
154,en.3.326.247.2009.9.5
154,en.3.326.5.2009.9.5
154,en.3.326.80.2009.9.5
155,en.15.98.487.2008.11.29
155,en.15.100.101.2008.12.14
155,en.15.98.466.2008.11.29
155,en.15.154.454.2009.11.26
155,en.15.98.459.2008.11.27
155,en.15.98.351.2008.11.27
155,en.15.98.331.2008.11.27
155,en.15.98.52.2008.11.29
155,en.15.98.424.2008.11.27
155,en.15.98.445.2008.11.27
155,en.15.100.374.2008.12.12
155,en.15.98.242.2008.11.27
155,en.15.98.370.2008.11.29
155,en.15.98.333.2008.11.29
155,en.15.98.346.2008.11.27
155,en.15.98.490.2008.11.29
155,en.15.98.175.2008.11.29
155,en.15.101.222.2008.12.21
155,en.15.98.73.2008.11.28
155,en.15.98.207.2008.11.28
155,en.15.98.488.2008.11.27
155,en.15.98.342.2008.11.28
155,en.15.98.396.2008.11.28
155,en.15.154.94.2009.11.26
155,en.15.98.15.2008.11.30
155,en.15.98.204.2008.11.29
155,en.15.100.165.2008.12.15
155,en.15.99.419.2008.12.2
155,en.15.98.94.2008.11.28
155,en.15.99.4.2008.12.3
155,en.15.98.140.2008.12.1
155,en.15.135.101.2009.7.19
155,en.15.98.188.2008.11.28
155,en.15.98.75.2008.12.1
155,en.15.98.17.2008.12.1
155,en.15.154.327.2009.11.26
155,en.15.103.241.2008.12.31
155,en.15.98.88.2008.11.27
155,en.15.98.285.2008.11.28
155,en.15.136.269.2009.7.20
155,en.15.99.467.2008.12.3
155,en.3.339.35.2009.12.8
155,en.15.154.362.2009.11.26
155,en.15.154.456.2009.11.25
155,en.15.98.319.2008.11.27
155,en.15.98.428.2008.11.29
155,en.15.98.167.2008.11.27
155,en.15.98.68.2008.11.27
155,en.15.99.243.2008.12.4
155,en.15.98.483.2008.11.30
156,en.3.360.275.2010.4.26
156,en.3.360.272.2010.4.26
156,en.3.360.327.2010.4.26
156,en.3.360.335.2010.4.23
156,en.3.360.404.2010.4.22
156,en.3.359.317.2010.4.19
156,en.3.359.232.2010.4.19
156,en.3.363.493.2010.5.10
156,en.3.359.463.2010.4.19
156,en.3.347.214.2010.2.5
156,en.3.360.162.2010.4.26
156,en.15.234.239.2008.1.14
156,en.15.237.365.2008.1.24
156,en.3.352.48.2010.3.6
156,en.15.60.335.2008.4.10
156,en.2.262.193.2009.5.16
156,en.15.242.229.2008.2.13
156,en.3.354.340.2010.3.21
156,en.15.243.129.2008.2.19
156,en.15.161.405.2010.1.20
156,en.2.262.384.2009.5.13
156,en.3.361.402.2010.4.27
156,en.15.242.306.2008.2.13
156,en.15.110.199.2009.3.24
156,en.15.119.25.2009.4.10
156,en.3.349.203.2010.2.12
156,en.15.76.157.2008.7.16
156,en.15.249.380.2008.3.11
156,en.15.110.429.2009.3.25
156,en.15.238.311.2008.1.28
156,en.2.258.130.2009.4.22
156,en.15.240.472.2008.2.8
156,en.2.309.334.2010.4.10
156,en.15.130.374.2009.6.16
156,en.2.305.415.2010.3.16
156,en.3.398.2.2007.10.18
156,en.15.76.240.2008.7.16
156,en.13.26.99.2009.11.11
156,en.13.41.172.2010.3.5
156,en.13.41.198.2010.3.2
156,en.3.380.279.2007.7.19
156,en.13.55.366.2010.5.21
156,en.15.167.114.2010.2.26
156,en.13.55.395.2010.5.20
156,en.3.360.147.2010.4.26
156,en.3.360.200.2010.4.26
156,en.15.72.81.2008.6.23
156,en.15.243.375.2008.2.19
156,en.15.246.475.2008.2.29
156,en.3.360.46.2010.4.23
157,en.3.373.453.2007.6.10
157,en.3.373.371.2007.6.9
157,en.13.3.281.2009.6.14
157,en.15.209.13.2007.9.19
157,en.15.76.182.2008.7.18
157,en.15.117.354.2009.2.23
157,en.15.245.287.2008.2.25
157,en.3.380.216.2007.7.18
157,en.15.162.110.2010.1.24
157,en.15.107.485.2009.2.1
157,en.15.93.403.2008.11.3
157,en.3.349.127.2010.2.13
157,en.3.361.104.2010.4.29
157,en.15.204.307.2007.8.25
157,en.15.194.213.2007.7.2
157,en.3.400.63.2007.10.24
157,en.3.400.240.2007.10.24
157,en.15.245.89.2008.2.25
157,en.15.117.447.2009.2.22
157,en.15.210.428.2007.9.27
157,en.3.376.473.2007.6.28
157,en.15.117.272.2009.2.24
157,en.15.117.253.2009.2.23
157,en.15.249.80.2008.3.10
157,en.15.245.347.2008.2.26
157,en.3.373.457.2007.6.12
157,en.15.254.166.2008.3.27
157,en.3.347.211.2010.2.1
157,en.15.120.139.2009.4.22
157,en.15.117.404.2009.2.23
157,en.15.196.88.2007.7.12
157,en.15.117.81.2009.2.22
157,en.15.121.138.2009.4.26
157,en.15.106.261.2009.1.25
157,en.3.355.199.2010.3.22
157,en.15.108.224.2009.2.7
157,en.3.361.320.2010.4.29
157,en.3.376.338.2007.6.27
157,en.13.25.310.2009.11.8
157,en.3.382.316.2007.7.28
157,en.15.81.442.2008.8.24
157,en.3.384.129.2007.8.8
157,en.15.123.12.2009.5.8
157,en.3.388.499.2007.8.29
157,en.3.382.153.2007.7.29
157,en.13.31.460.2010.1.3
157,en.3.406.330.2007.11.22
157,en.15.228.434.2007.12.18
157,en.15.101.22.2008.12.17
157,en.3.398.73.2007.10.15
158,en.2.258.272.2009.4.20
158,en.15.96.374.2008.11.19
158,en.15.117.95.2009.2.23
158,en.15.128.186.2009.6.7
158,en.15.108.481.2009.2.4
158,en.15.104.368.2009.1.7
158,en.15.106.207.2009.1.22
158,en.15.128.328.2009.6.4
158,en.2.275.487.2009.8.3
158,en.15.128.248.2009.6.4
158,en.15.87.86.2008.10.4
158,en.15.253.329.2008.3.24
158,en.13.55.388.2010.5.23
158,en.15.105.68.2009.1.15
158,en.2.275.118.2009.8.3
158,en.15.128.304.2009.6.4
158,en.15.128.495.2009.6.4
158,en.15.105.228.2009.1.14
158,en.15.114.28.2009.3.5
158,en.15.105.103.2009.1.21
158,en.15.128.123.2009.6.4
158,en.3.366.47.2010.5.27
158,en.15.67.320.2008.5.18
158,en.15.106.416.2009.1.23
158,en.15.128.54.2009.6.4
158,en.15.118.1.2009.4.7
158,en.13.53.484.2010.5.13
158,en.13.26.484.2009.11.11
158,en.2.317.459.2010.5.27
158,en.13.8.320.2009.7.12
158,en.15.67.66.2008.5.19
158,en.15.93.138.2008.10.31
158,en.13.1.435.2009.5.31
158,en.15.98.77.2008.12.2
158,en.15.109.285.2009.3.30
158,en.15.104.104.2009.1.10
158,en.2.281.51.2009.9.14
158,en.3.329.305.2009.9.23
158,en.15.114.128.2009.3.4
158,en.15.128.115.2009.6.5
158,en.3.360.497.2010.4.23
158,en.15.238.104.2008.1.29
158,en.15.110.3.2009.3.30
158,en.2.281.414.2009.9.14
158,en.15.106.494.2009.1.23
158,en.15.96.205.2008.11.20
158,en.3.380.194.2007.7.18
158,en.15.115.178.2009.2.13
158,en.15.95.340.2008.11.11
158,en.15.107.324.2009.1.27
159,en.15.103.102.2008.12.30
159,en.15.103.368.2008.12.31
159,en.2.317.255.2010.5.27
159,en.13.56.356.2010.5.27
159,en.15.95.417.2008.11.11
159,en.15.103.179.2009.1.3
159,en.15.94.56.2008.11.5
159,en.15.110.355.2009.3.24
159,en.15.103.177.2008.12.29
159,en.2.263.421.2009.5.25
159,en.15.104.68.2009.1.8
159,en.15.96.354.2008.11.17
159,en.15.104.283.2009.1.10
159,en.15.253.472.2008.3.25
159,en.2.262.91.2009.5.12
159,en.15.96.60.2008.11.19
159,en.15.162.319.2010.1.24
159,en.15.112.109.2009.3.17
159,en.15.111.45.2009.3.20
159,en.15.117.337.2009.2.23
159,en.15.103.372.2008.12.29
159,en.15.104.482.2009.1.7
159,en.2.283.321.2009.9.28
159,en.15.104.434.2009.1.9
159,en.15.118.437.2009.4.5
159,en.3.331.445.2009.10.9
159,en.15.102.367.2008.12.28
159,en.15.104.402.2009.1.5
159,en.15.103.127.2008.12.31
159,en.3.380.434.2007.7.18
159,en.2.281.123.2009.9.9
159,en.15.66.492.2008.5.9
159,en.15.96.223.2008.11.18
159,en.3.417.183.2008.1.9
159,en.15.104.228.2009.1.5
159,en.15.78.443.2008.8.5
159,en.15.91.213.2008.10.24
159,en.15.93.200.2008.11.1
159,en.15.67.63.2008.5.19
159,en.15.104.193.2009.1.7
159,en.15.97.203.2008.11.25
159,en.15.121.256.2009.4.25
159,en.15.181.307.2010.5.17
159,en.15.68.428.2008.5.27
159,en.3.377.183.2007.6.30
159,en.15.228.313.2007.12.16
159,en.15.104.103.2009.1.10
159,en.15.101.78.2008.12.17
159,en.15.212.371.2007.10.8
159,en.15.254.125.2008.3.29
160,en.15.176.255.2010.4.23
160,en.3.347.172.2010.2.3
160,en.3.322.248.2009.8.7
160,en.15.240.87.2008.2.6
160,en.15.167.122.2010.2.23
160,en.15.227.164.2007.12.12
160,en.15.187.452.2007.5.31
160,en.15.119.302.2009.4.10
160,en.15.253.447.2008.3.26
160,en.3.381.13.2007.7.22
160,en.3.381.10.2007.7.25
160,en.15.118.250.2009.4.3
160,en.3.353.441.2010.3.15
160,en.3.407.146.2007.11.28
160,en.15.212.326.2007.10.4
160,en.3.398.477.2007.10.16
160,en.15.254.51.2008.3.29
160,en.3.382.243.2007.7.29
160,en.15.108.431.2009.2.4
160,en.13.3.314.2009.6.10
160,en.3.396.398.2007.10.9
160,en.3.382.235.2007.7.31
160,en.3.352.63.2010.3.8
160,en.15.65.285.2008.5.4
160,en.3.407.313.2007.11.25
160,en.3.382.101.2007.7.28
160,en.3.360.125.2010.4.23
160,en.3.400.312.2007.10.26
160,en.2.268.23.2009.6.21
160,en.15.186.417.2007.5.28
160,en.15.248.196.2008.3.8
160,en.3.416.475.2008.1.7
160,en.3.392.194.2007.9.20
160,en.15.252.457.2008.3.19
160,en.15.64.249.2008.4.26
160,en.15.253.105.2008.3.25
160,en.15.243.409.2008.2.19
160,en.15.220.202.2007.11.10
160,en.15.234.232.2008.1.14
160,en.3.391.285.2007.9.15
160,en.15.216.350.2007.10.23
160,en.2.275.487.2009.8.3
160,en.15.156.90.2009.12.18
160,en.15.206.226.2007.8.31
160,en.3.380.153.2007.7.19
160,en.3.380.237.2007.7.17
160,en.13.31.16.2010.1.3
160,en.15.219.366.2007.11.4
160,en.3.382.185.2007.7.28
160,en.15.60.222.2008.4.9
161,en.3.394.389.2007.10.1
161,en.3.382.67.2007.7.27
161,en.15.248.153.2008.3.7
161,en.3.381.420.2007.7.22
161,en.3.382.350.2007.7.29
161,en.3.375.205.2007.6.17
161,en.3.373.95.2007.6.12
161,en.15.241.114.2008.2.9
161,en.15.225.33.2007.12.5
161,en.3.380.338.2007.7.16
161,en.15.240.283.2008.2.8
161,en.15.247.216.2008.3.3
161,en.3.382.376.2007.7.27
161,en.3.382.292.2007.7.27
161,en.3.377.32.2007.6.30
161,en.15.210.231.2007.9.27
161,en.15.250.253.2008.3.13
161,en.3.417.252.2008.1.11
161,en.15.240.327.2008.2.8
161,en.15.242.222.2008.2.15
161,en.3.377.311.2007.6.29
161,en.15.250.321.2008.3.15
161,en.3.417.51.2008.1.11
161,en.15.252.128.2008.3.22
161,en.15.225.414.2007.12.3
161,en.15.236.244.2008.1.23
161,en.15.105.37.2009.1.15
161,en.15.78.212.2008.8.2
161,en.15.239.347.2008.2.4
161,en.3.409.56.2007.12.6
161,en.15.113.490.2009.3.14
161,en.15.236.190.2008.1.22
161,en.3.405.410.2007.11.15
161,en.15.76.463.2008.7.22
161,en.15.244.353.2008.2.24
161,en.3.381.497.2007.7.25
161,en.15.83.483.2008.9.11
161,en.15.101.398.2008.12.18
161,en.15.71.3.2008.6.12
161,en.15.242.132.2008.2.13
161,en.15.220.160.2007.11.9
161,en.15.104.212.2009.1.7
161,en.15.229.498.2007.12.21
161,en.3.392.446.2007.9.19
161,en.15.228.120.2007.12.18
161,en.15.97.498.2008.11.25
161,en.3.392.487.2007.9.20
161,en.3.381.126.2007.7.22
161,en.15.250.223.2008.3.14
161,en.15.100.26.2008.12.10
162,en.15.240.448.2008.2.7
162,en.15.240.449.2008.2.6
162,en.15.136.348.2009.7.27
162,en.15.240.116.2008.2.6
162,en.15.68.215.2008.5.26
162,en.15.184.383.2010.5.31
162,en.15.147.470.2009.10.7
162,en.15.240.340.2008.2.6
162,en.15.240.134.2008.2.6
162,en.15.240.173.2008.2.6
162,en.15.240.194.2008.2.7
162,en.15.115.426.2009.2.11
162,en.15.194.145.2007.7.4
162,en.15.250.153.2008.3.15
162,en.15.250.365.2008.3.15
162,en.2.275.480.2009.8.4
162,en.2.319.185.2010.6.3
162,en.15.66.443.2008.5.11
162,en.15.136.320.2009.7.21
162,en.15.250.300.2008.3.16
162,en.15.111.345.2009.3.21
162,en.15.203.223.2007.8.22
162,en.15.136.444.2009.7.20
162,en.3.382.273.2007.7.26
162,en.15.93.317.2008.11.3
162,en.15.178.475.2010.5.4
162,en.15.113.348.2009.3.13
162,en.15.140.100.2009.8.21
162,en.15.71.58.2008.6.17
162,en.15.104.22.2009.1.8
162,en.3.397.301.2007.10.12
162,en.15.194.124.2007.7.1
162,en.15.240.113.2008.2.7
162,en.3.332.246.2009.10.18
162,en.15.181.481.2010.5.18
162,en.15.111.82.2009.3.23
162,en.13.31.411.2009.12.30
162,en.15.62.412.2008.4.19
162,en.15.85.431.2008.9.21
162,en.3.359.166.2010.4.17
162,en.15.250.284.2008.3.15
162,en.15.103.309.2008.12.30
162,en.15.203.42.2007.8.20
162,en.15.66.93.2008.5.12
162,en.3.372.249.2007.6.8
162,en.15.74.208.2008.7.6
162,en.15.225.171.2007.12.5
162,en.15.74.284.2008.7.6
162,en.15.69.30.2008.6.4
162,en.13.41.81.2010.3.2
163,en.15.238.200.2008.1.30
163,en.3.349.466.2010.2.11
163,en.15.218.424.2007.11.2
163,en.15.91.61.2008.10.20
163,en.3.372.249.2007.6.8
163,en.15.246.447.2008.2.29
163,en.3.383.72.2007.8.5
163,en.3.384.125.2007.8.6
163,en.15.155.238.2009.12.9
163,en.2.282.442.2009.9.18
163,en.2.298.92.2010.1.26
163,en.15.242.375.2008.2.13
163,en.2.298.77.2010.1.26
163,en.2.298.5.2010.1.26
163,en.3.360.18.2010.4.22
163,en.3.338.371.2009.12.5
163,en.3.338.181.2009.12.5
163,en.15.82.20.2008.8.28
163,en.3.417.273.2008.1.10
163,en.15.117.143.2009.2.23
163,en.15.70.441.2008.6.10
163,en.3.333.383.2009.10.28
163,en.3.333.94.2009.10.28
163,en.2.271.180.2009.7.9
163,en.15.243.378.2008.2.18
163,en.15.245.499.2008.2.27
163,en.3.374.494.2007.6.14
163,en.3.348.422.2010.2.9
163,en.15.72.306.2008.6.19
163,en.3.348.145.2010.2.8
163,en.3.353.464.2010.3.11
163,en.3.354.198.2010.3.19
163,en.15.162.85.2010.1.22
163,en.15.68.431.2008.5.23
163,en.15.247.267.2008.3.5
163,en.15.232.30.2008.1.6
163,en.3.354.135.2010.3.19
163,en.3.350.177.2010.2.21
163,en.15.186.307.2007.5.28
163,en.15.114.136.2009.3.2
163,en.15.167.383.2010.2.22
163,en.15.240.229.2008.2.7
163,en.15.188.235.2007.6.4
163,en.15.118.348.2009.4.4
163,en.3.359.477.1970.1.1
163,en.15.229.464.2007.12.24
163,en.3.407.492.2007.11.28
163,en.2.317.18.2010.5.28
163,en.15.117.449.2009.2.21
163,en.15.89.6.2008.10.9
164,en.15.113.262.2009.3.14
164,en.15.112.273.2009.3.11
164,en.15.141.445.2009.8.29
164,en.15.132.202.2009.6.26
164,en.15.132.489.2009.6.26
164,en.15.132.5.2009.6.26
164,en.15.220.5.2007.11.10
164,en.15.107.259.2009.1.29
164,en.3.375.165.2007.6.19
164,en.13.30.297.2009.12.23
164,en.15.102.78.2008.12.23
164,en.15.96.418.2008.11.20
164,en.15.132.336.2009.6.29
164,en.15.113.158.2009.3.6
164,en.15.132.332.2009.6.26
164,en.15.97.199.2008.11.24
164,en.15.132.63.2009.6.26
164,en.15.132.479.2009.6.26
164,en.15.132.418.2009.6.27
164,en.15.132.317.2009.6.26
164,en.15.132.195.2009.6.26
164,en.15.132.246.2009.6.26
164,en.13.8.466.2009.7.11
164,en.15.71.471.2008.6.16
164,en.2.271.392.2009.7.8
164,en.2.271.301.2009.7.8
164,en.15.119.146.2009.4.15
164,en.15.132.36.2009.6.26
164,en.15.245.109.2008.2.27
164,en.2.270.11.2009.7.3
164,en.15.87.431.2008.10.1
164,en.2.271.202.2009.7.8
164,en.2.270.133.2009.7.3
164,en.3.333.336.2009.10.23
164,en.2.282.345.2009.9.19
164,en.3.329.29.2009.9.25
164,en.15.132.367.2009.6.28
164,en.3.326.269.2009.9.4
164,en.2.262.77.2009.5.13
164,en.15.218.32.2007.11.2
164,en.13.3.293.2009.6.11
164,en.2.270.162.2009.7.2
164,en.15.132.102.2009.6.28
164,en.15.132.375.2009.6.26
164,en.15.132.364.2009.6.28
164,en.15.136.376.2009.7.25
164,en.15.132.153.2009.6.28
164,en.2.281.481.2009.9.9
164,en.2.271.447.2009.7.7
164,en.2.271.406.2009.7.7
165,en.15.237.155.2008.1.25
165,en.3.407.111.2007.11.28
165,en.15.172.295.2010.3.28
165,en.15.124.393.2009.5.15
165,en.3.382.150.2007.7.31
165,en.3.388.274.2007.8.30
165,en.3.363.157.2010.5.6
165,en.15.225.58.2007.12.4
165,en.15.254.478.2008.3.26
165,en.15.72.330.2008.6.20
165,en.15.132.65.2009.6.26
165,en.13.41.419.2010.3.3
165,en.15.234.224.2008.1.15
165,en.3.400.217.2007.10.27
165,en.15.249.344.2008.3.11
165,en.15.101.128.2008.12.16
165,en.15.249.439.2008.3.10
165,en.15.61.231.2008.4.15
165,en.15.241.194.2008.2.11
165,en.3.406.325.2007.11.19
165,en.15.72.103.2008.6.23
165,en.15.65.40.2008.5.3
165,en.15.156.39.2009.12.15
165,en.3.331.95.2009.10.13
165,en.3.389.265.2007.9.1
165,en.15.248.45.2008.3.7
165,en.15.231.415.2008.1.1
165,en.15.71.256.2008.6.18
165,en.15.188.306.2007.6.6
165,en.15.96.247.2008.11.16
165,en.3.414.34.2007.12.29
165,en.15.69.93.2008.6.3
165,en.15.239.246.2008.2.3
165,en.3.366.131.2010.5.24
165,en.15.187.1.2007.5.30
165,en.15.215.457.2007.10.20
165,en.15.108.40.2009.2.3
165,en.3.401.279.2007.10.29
165,en.3.373.101.2007.6.9
165,en.15.115.372.2009.2.14
165,en.3.352.489.2010.3.8
165,en.3.398.173.2007.10.19
165,en.15.115.323.2009.2.14
165,en.15.249.477.2008.3.10
165,en.15.206.123.2007.8.31
165,en.3.353.77.2010.3.12
165,en.3.417.263.2008.1.9
165,en.15.151.369.2009.11.6
165,en.13.30.464.2009.12.22
165,en.3.388.431.2007.8.31
166,en.3.406.72.2007.11.21
166,en.15.232.10.2008.1.3
166,en.2.298.430.2010.1.27
166,en.15.167.10.2010.2.23
166,en.15.135.430.2009.7.17
166,en.3.400.53.2007.10.24
166,en.15.128.82.2009.6.4
166,en.15.231.192.2008.1.2
166,en.2.298.224.2010.1.27
166,en.15.181.253.2010.5.17
166,en.3.406.126.2007.11.20
166,en.15.218.464.2007.11.1
166,en.15.113.135.2009.3.8
166,en.15.186.341.2007.5.30
166,en.3.347.486.2010.2.4
166,en.15.220.180.2007.11.11
166,en.3.347.430.2010.2.4
166,en.15.101.124.2008.12.16
166,en.3.347.285.2010.2.2
166,en.2.270.385.2009.7.6
166,en.3.405.249.2007.11.17
166,en.15.117.287.2009.2.23
166,en.3.350.336.2010.2.19
166,en.15.116.276.2009.2.19
166,en.15.78.396.2008.8.5
166,en.15.70.419.2008.6.11
166,en.3.397.157.2007.10.11
166,en.3.377.216.2007.6.30
166,en.15.77.18.2008.7.25
166,en.3.383.216.2007.8.5
166,en.2.270.170.2009.7.1
166,en.13.41.283.2010.3.1
166,en.15.68.239.2008.5.28
166,en.15.63.468.2008.4.23
166,en.15.117.314.2009.4.3
166,en.3.347.322.2010.2.3
166,en.15.194.435.2007.7.5
166,en.3.361.359.2010.4.28
166,en.3.347.167.2010.2.2
166,en.2.296.42.2010.1.18
166,en.2.319.176.2010.6.6
166,en.15.97.362.2008.11.22
166,en.3.383.178.2007.8.1
166,en.2.291.422.2009.12.4
166,en.15.132.314.2009.6.28
166,en.15.136.182.2009.7.22
166,en.3.353.299.2010.3.15
166,en.15.254.200.2008.3.28
166,en.15.184.462.2010.5.30
166,en.15.256.500.2008.4.6
167,en.15.140.455.2009.8.21
167,en.15.140.356.2009.8.21
167,en.15.188.413.2007.6.4
167,en.15.209.454.2007.9.25
167,en.3.357.237.2010.4.5
167,en.15.234.467.2008.1.14
167,en.15.252.44.2008.3.19
167,en.15.147.312.2009.10.7
167,en.2.291.112.2009.11.30
167,en.3.356.31.2010.4.2
167,en.3.356.318.2010.4.1
167,en.3.356.372.2010.3.31
167,en.3.356.407.2010.4.1
167,en.13.8.6.2009.7.15
167,en.15.237.457.2008.1.25
167,en.15.82.48.2008.8.30
167,en.3.356.498.2010.3.31
167,en.3.356.102.2010.3.31
167,en.2.277.418.2009.8.18
167,en.13.3.130.2009.6.10
167,en.15.246.304.2008.3.2
167,en.15.212.300.2007.10.6
167,en.15.216.31.2007.10.23
167,en.15.181.368.2010.5.17
167,en.3.397.93.2007.10.12
167,en.2.277.252.2009.8.18
167,en.3.356.488.2010.4.4
167,en.15.64.158.2008.4.27
167,en.15.244.181.2008.2.24
167,en.15.249.494.2008.3.12
167,en.15.256.193.2008.4.8
167,en.15.82.353.2008.8.31
167,en.15.80.372.2008.8.19
167,en.15.107.481.2009.1.31
167,en.15.215.316.2007.10.22
167,en.15.194.95.2007.7.1
167,en.3.401.99.2007.10.30
167,en.3.417.8.2008.1.9
167,en.15.225.22.2007.12.5
167,en.15.204.167.2007.8.26
167,en.3.407.57.2007.11.25
167,en.15.212.36.2007.10.8
167,en.15.63.248.2008.4.25
167,en.15.73.247.2008.6.30
167,en.3.356.428.2010.3.30
167,en.15.87.215.2008.10.4
167,en.15.102.434.2008.12.28
167,en.3.389.415.2007.9.1
167,en.15.130.61.2009.6.16
167,en.3.357.197.2010.4.5
168,en.3.400.28.2007.10.24
168,en.15.83.205.2008.9.7
168,en.15.82.87.2008.9.2
168,en.15.220.203.2007.11.9
168,en.15.76.267.2008.7.17
168,en.2.261.201.2009.5.5
168,en.15.84.400.2008.9.12
168,en.15.84.8.2008.9.12
168,en.15.68.358.2008.5.27
168,en.15.209.325.2007.9.26
168,en.15.238.113.2008.1.30
168,en.15.68.11.2008.5.27
168,en.15.81.492.2008.8.26
168,en.15.139.411.2009.8.13
168,en.15.167.213.2010.2.26
168,en.15.70.74.2008.6.11
168,en.15.242.304.2008.2.13
168,en.3.397.372.2007.10.14
168,en.3.376.325.2007.6.28
168,en.15.123.289.2009.5.9
168,en.15.70.145.2008.6.10
168,en.15.238.174.2008.1.30
168,en.2.262.111.2009.5.12
168,en.15.212.268.2007.10.8
168,en.3.401.338.2007.10.30
168,en.3.331.28.2009.10.9
168,en.2.264.180.2009.5.27
168,en.15.147.471.2009.10.3
168,en.15.162.204.2010.1.25
168,en.15.147.417.2009.10.2
168,en.3.403.35.2007.11.6
168,en.2.289.436.1970.1.1
168,en.15.249.119.2008.3.10
168,en.13.3.104.2009.6.11
168,en.15.110.137.2009.3.24
168,en.3.417.390.2008.1.11
168,en.2.263.40.2009.5.26
168,en.3.400.195.2007.10.24
168,en.15.108.192.2009.2.2
168,en.15.123.434.2009.5.7
168,en.15.124.489.2009.5.15
168,en.15.106.497.2009.1.24
168,en.3.401.324.2007.10.31
168,en.3.375.60.2007.6.19
168,en.15.147.362.2009.10.7
168,en.15.248.335.2008.3.6
168,en.15.107.393.2009.1.31
168,en.15.80.57.2008.8.18
168,en.2.270.298.2009.7.3
168,en.15.238.69.2008.1.30
169,en.15.95.229.2008.11.13
169,en.3.357.280.2010.4.5
169,en.2.271.191.2009.7.8
169,en.2.263.22.2009.5.24
169,en.3.333.18.2009.10.25
169,en.15.228.44.2007.12.17
169,en.15.192.495.2007.6.22
169,en.2.296.82.2010.1.20
169,en.15.135.287.2009.7.20
169,en.2.283.337.2009.9.29
169,en.15.83.116.2008.9.8
169,en.15.98.148.2008.11.27
169,en.15.215.347.2007.10.21
169,en.15.98.471.2008.11.30
169,en.15.68.246.2008.5.26
169,en.15.206.369.2007.8.31
169,en.15.234.438.2008.1.16
169,en.15.236.462.2008.1.22
169,en.13.51.414.2010.5.3
169,en.15.98.375.2008.11.27
169,en.15.110.140.2009.3.29
169,en.3.394.408.2007.10.2
169,en.15.161.425.2010.1.20
169,en.13.27.317.2009.11.20
169,en.15.121.393.2009.4.24
169,en.15.85.177.2008.9.20
169,en.2.277.90.2009.8.21
169,en.3.414.359.2007.12.27
169,en.15.215.19.2007.10.22
169,en.3.356.486.2010.3.31
169,en.15.98.356.2008.12.2
169,en.3.348.83.2010.2.6
169,en.15.231.400.2008.1.2
169,en.15.98.452.2008.11.27
169,en.3.333.304.2009.10.24
169,en.3.380.192.2007.7.16
169,en.15.94.165.2008.11.8
169,en.15.194.345.2007.7.6
169,en.15.231.338.2008.1.1
169,en.15.99.423.2008.12.4
169,en.3.378.83.2007.7.8
169,en.15.210.239.2007.10.1
169,en.13.53.86.2010.5.13
169,en.15.98.250.2008.11.29
169,en.15.75.332.2008.7.13
169,en.3.393.475.2007.9.23
169,en.15.101.305.2008.12.16
169,en.3.400.59.2007.10.24
169,en.15.128.309.2009.6.7
169,en.2.262.220.2009.5.12
170,en.15.118.146.2009.4.6
170,en.3.331.436.2009.10.13
170,en.3.322.495.2009.8.7
170,en.15.123.7.2009.5.10
170,en.15.201.273.2007.8.11
170,en.15.117.137.2009.4.3
170,en.15.70.302.2008.6.9
170,en.2.258.156.2009.4.17
170,en.15.78.150.2008.8.4
170,en.15.212.141.2007.10.6
170,en.13.41.372.2010.3.4
170,en.15.96.386.2008.11.18
170,en.3.373.434.2007.6.10
170,en.2.271.349.2009.7.8
170,en.2.263.119.2009.5.24
170,en.3.410.105.2007.12.7
170,en.3.398.8.2007.10.16
170,en.3.406.136.2007.11.23
170,en.15.228.35.2007.12.16
170,en.15.248.468.2008.3.8
170,en.2.260.73.2009.5.5
170,en.15.186.287.2007.5.28
170,en.15.188.500.2007.6.7
170,en.15.77.467.2008.7.27
170,en.3.383.299.2007.8.6
170,en.2.289.396.2009.11.17
170,en.3.405.284.2007.11.15
170,en.15.240.454.2008.2.9
170,en.15.83.45.2008.9.7
170,en.15.119.467.2009.4.14
170,en.2.270.80.2009.7.2
170,en.3.329.465.2009.9.23
170,en.2.311.231.2010.4.26
170,en.2.275.361.2009.8.3
170,en.3.343.474.2010.1.12
170,en.15.249.305.2008.3.11
170,en.15.91.300.2008.10.25
170,en.15.220.413.2007.11.12
170,en.15.60.360.2008.4.12
170,en.13.10.320.2009.7.29
170,en.15.101.61.2008.12.19
170,en.15.106.225.2009.1.23
170,en.15.113.99.2009.3.8
170,en.15.114.252.2009.3.1
170,en.15.114.27.2009.3.3
170,en.15.114.70.2009.3.3
170,en.15.136.260.2009.7.26
170,en.15.136.416.2009.7.27
170,en.15.139.257.2009.8.11
170,en.15.139.306.2009.8.11
171,en.3.395.123.2007.10.3
171,en.15.66.332.2008.5.13
171,en.15.67.152.2008.5.18
171,en.3.379.217.2007.7.12
171,en.3.374.44.2007.6.14
171,en.15.74.357.2008.7.1
171,en.3.384.308.2007.8.6
171,en.15.71.190.2008.6.18
171,en.3.333.229.2009.10.26
171,en.3.382.372.2007.7.30
171,en.15.194.127.2007.7.4
171,en.15.68.352.2008.5.25
171,en.15.67.41.2008.5.22
171,en.15.68.207.2008.5.27
171,en.15.95.432.2008.11.11
171,en.15.125.440.2009.5.21
171,en.2.275.263.2009.8.5
171,en.3.355.14.2010.3.24
171,en.2.260.316.2009.5.4
171,en.15.63.105.2008.4.23
171,en.15.105.434.2009.1.20
171,en.15.67.153.2008.5.21
171,en.15.96.243.2008.11.16
171,en.3.333.249.2009.10.26
171,en.15.69.266.2008.6.3
171,en.15.109.343.2009.2.8
171,en.15.220.387.2007.11.12
171,en.2.262.468.2009.5.12
171,en.3.383.70.2007.7.31
171,en.13.31.456.2010.1.3
171,en.3.349.343.2010.2.14
171,en.15.201.150.2007.8.13
171,en.2.291.166.2009.12.4
171,en.3.391.143.2007.9.16
171,en.3.382.480.2007.7.30
171,en.15.125.131.2009.5.20
171,en.15.83.272.2008.9.8
171,en.15.132.19.2009.6.25
171,en.3.339.311.2009.12.7
171,en.15.67.499.2008.5.21
171,en.3.398.200.2007.10.18
171,en.2.275.110.2009.8.6
171,en.15.188.42.2007.6.6
171,en.15.85.285.2008.9.17
171,en.3.358.165.2010.4.13
171,en.3.333.364.2009.10.28
171,en.15.82.142.2008.9.1
171,en.3.381.270.2007.7.22
171,en.15.239.169.2008.2.5
171,en.3.380.442.2007.7.15
172,en.3.381.130.2007.7.23
172,en.3.383.98.2007.8.1
172,en.15.203.408.2007.8.22
172,en.3.388.431.2007.8.31
172,en.15.196.21.2007.7.13
172,en.15.194.368.2007.7.5
172,en.3.381.204.2007.7.25
172,en.15.247.418.2008.3.3
172,en.15.202.262.2007.8.14
172,en.3.403.27.2007.11.5
172,en.15.203.201.2007.8.20
172,en.15.103.311.2009.1.4
172,en.15.73.458.2008.6.28
172,en.2.264.225.2009.5.27
172,en.15.62.150.2008.4.21
172,en.3.377.484.2007.6.29
172,en.15.63.278.2008.4.22
172,en.3.398.348.2007.10.19
172,en.15.64.277.2008.4.30
172,en.15.107.426.2009.1.29
172,en.3.383.218.2007.8.5
172,en.15.190.316.2007.6.13
172,en.15.228.243.2007.12.18
172,en.15.78.270.2008.8.5
172,en.2.279.91.2009.8.28
172,en.15.119.321.2009.4.10
172,en.15.62.128.2008.4.21
172,en.2.279.106.2009.8.28
172,en.3.375.383.2007.6.19
172,en.3.408.404.2007.11.30
172,en.13.5.242.2009.6.23
172,en.15.92.373.2008.10.30
172,en.3.403.397.2007.11.5
172,en.15.245.45.2008.2.26
172,en.3.348.77.2010.2.11
172,en.13.55.482.2010.5.20
172,en.15.78.423.2008.8.6
172,en.3.417.380.2008.1.12
172,en.15.98.328.2008.11.26
172,en.15.71.215.2008.6.13
172,en.15.95.156.2008.11.11
172,en.3.352.279.2010.3.7
172,en.15.81.427.2008.8.26
172,en.15.108.287.2009.2.7
172,en.15.241.254.2008.2.11
172,en.15.119.239.2009.4.12
172,en.15.83.76.2008.9.5
172,en.3.409.475.2007.12.6
172,en.3.388.449.2007.8.30
172,en.15.187.133.2007.6.1
173,en.15.74.418.2008.7.5
173,en.15.66.185.2008.5.12
173,en.15.73.59.2008.6.30
173,en.15.84.106.2008.9.13
173,en.15.65.271.2008.5.4
173,en.15.65.135.2008.5.6
173,en.15.65.199.2008.5.4
173,en.15.74.143.2008.7.7
173,en.15.80.5.2008.8.14
173,en.15.250.202.2008.3.15
173,en.15.84.5.2008.9.14
173,en.15.65.126.2008.5.3
173,en.15.68.148.2008.5.26
173,en.15.65.27.2008.5.2
173,en.15.78.313.2008.8.6
173,en.15.252.328.2008.3.21
173,en.15.74.214.2008.7.1
173,en.15.92.299.2008.10.30
173,en.15.251.112.2008.3.18
173,en.15.60.172.2008.4.12
173,en.15.162.165.2010.1.25
173,en.15.252.139.2008.3.21
173,en.15.60.326.2008.4.9
173,en.15.60.2.2008.4.12
173,en.15.75.123.2008.7.9
173,en.15.77.170.2008.7.28
173,en.15.253.398.2008.3.26
173,en.15.79.269.2008.8.7
173,en.15.81.243.2008.8.22
173,en.15.60.451.2008.4.10
173,en.15.60.220.2008.4.10
173,en.15.64.139.2008.4.27
173,en.15.249.492.2008.3.10
173,en.15.60.83.2008.4.11
173,en.15.251.276.2008.3.16
173,en.15.92.44.2008.10.26
173,en.15.63.341.2008.4.24
173,en.15.250.26.2008.3.13
173,en.15.252.220.2008.3.21
173,en.15.64.70.2008.4.26
173,en.15.64.284.2008.4.29
173,en.15.251.14.2008.3.17
173,en.15.63.338.2008.4.25
173,en.15.63.78.2008.4.25
173,en.15.60.15.2008.4.10
173,en.15.60.375.2008.4.9
173,en.15.82.403.2008.8.29
173,en.15.63.116.2008.4.25
173,en.15.80.348.2008.8.14
173,en.15.63.55.2008.4.25
174,en.3.333.75.2009.10.25
174,en.3.331.124.2009.10.9
174,en.3.331.73.2009.10.11
174,en.15.115.468.2009.2.12
174,en.2.283.45.2009.9.28
174,en.15.123.456.2009.5.9
174,en.2.283.210.2009.10.1
174,en.15.115.418.2009.2.12
174,en.15.93.298.2008.11.1
174,en.2.291.229.2009.12.3
174,en.3.333.137.2009.10.29
174,en.15.136.406.2009.7.27
174,en.3.321.430.2009.7.31
174,en.13.10.318.2009.7.31
174,en.2.260.471.2009.5.1
174,en.15.98.86.2008.11.28
174,en.3.329.192.2009.9.23
174,en.15.119.21.2009.4.13
174,en.3.329.361.2009.9.23
174,en.13.27.136.2009.11.22
174,en.15.115.346.2009.2.12
174,en.15.98.181.2008.11.30
174,en.2.275.491.2009.8.4
174,en.15.130.119.2009.6.15
174,en.2.270.243.2009.7.5
174,en.2.317.322.2010.5.28
174,en.15.78.495.2008.7.31
174,en.3.398.454.2007.10.17
174,en.2.260.178.2009.5.4
174,en.15.108.391.2009.2.6
174,en.15.151.398.2009.11.1
174,en.2.289.41.2009.11.14
174,en.2.289.59.2009.11.15
174,en.13.1.395.2009.6.2
174,en.13.25.444.2009.11.8
174,en.15.92.37.2008.10.29
174,en.13.1.413.2009.5.30
174,en.15.136.48.2009.7.23
174,en.2.289.173.1970.1.1
174,en.15.151.99.2009.11.5
174,en.15.135.124.2009.7.16
174,en.13.1.132.2009.5.31
174,en.2.271.114.2009.7.8
174,en.15.90.228.2008.10.17
174,en.3.329.252.2009.9.26
174,en.15.154.236.2009.11.27
174,en.2.289.111.2009.11.18
174,en.15.116.498.2009.2.18
174,en.2.260.272.2009.5.4
174,en.15.118.383.2009.4.4
175,en.15.90.340.2008.10.17
175,en.15.86.348.2008.9.27
175,en.15.167.96.2010.2.24
175,en.3.407.353.2007.11.25
175,en.13.26.310.2009.11.12
175,en.15.90.294.2008.10.18
175,en.15.167.438.2010.2.25
175,en.15.167.175.2010.2.24
175,en.15.90.121.2008.10.17
175,en.15.75.183.2008.7.14
175,en.3.380.151.2007.7.18
175,en.3.390.323.2007.9.6
175,en.2.289.84.2009.11.16
175,en.15.85.4.2008.9.20
175,en.15.87.278.2008.9.29
175,en.2.289.107.2009.11.13
175,en.2.279.121.2009.8.31
175,en.15.115.219.2009.2.28
175,en.3.397.461.2007.10.10
175,en.3.320.254.2009.7.31
175,en.15.88.98.2008.10.4
175,en.15.90.223.2008.10.17
175,en.15.167.130.2010.2.24
175,en.15.151.357.2009.10.30
175,en.3.322.285.2009.8.6
175,en.15.94.85.2008.11.5
175,en.15.254.485.2008.3.29
175,en.15.167.441.2010.2.26
175,en.15.248.219.2008.3.5
175,en.13.26.290.2009.11.12
175,en.15.88.248.2008.10.7
175,en.3.410.235.2007.12.8
175,en.3.321.385.2009.7.31
175,en.15.254.493.2008.3.30
175,en.2.289.491.2009.11.14
175,en.3.382.145.2007.7.29
175,en.15.151.4.2009.11.1
175,en.2.289.190.2009.11.16
175,en.15.89.454.2008.10.15
175,en.13.27.491.2009.11.20
175,en.15.255.477.2008.3.31
175,en.15.101.459.2008.12.16
175,en.15.112.419.2009.3.17
175,en.2.282.165.2009.9.18
175,en.15.94.166.2008.11.6
175,en.15.148.181.2009.10.7
175,en.2.282.279.2009.9.19
175,en.15.98.76.2008.11.27
175,en.15.232.77.2008.1.4
175,en.2.282.232.2009.9.17
